Type,Element,Meaning,Example Word,Example Meaning,Quiz Prompt,Rarity (1-10)
PREFIX,a- / an-,not / without,atypical,not typical,What does 'a-' tell you about the word 'amoral'? How is it different from 'immoral'?,2
PREFIX,ab initio-,from the beginning (Latin),ab initio contract,a contract void from its very inception,How does 'ab initio' differ from a contract that is merely voidable at a later point?,5
PREFIX,ab-,away from / off,abnormal,away from the normal,How does 'ab-' shape the meaning of 'absent'? What is absent literally doing?,3
PREFIX,abio-,non-living / without life,abiogenesis,the origin of life from non-living matter,How does 'abio-' contrast with 'bio-' in 'abiotic' vs. 'biotic'?,8
PREFIX,ad-,toward / to,advance,to move toward the front,How does 'ad-' suggest direction in the word 'adapt'?,2
PREFIX,ambi-,both / around,ambidextrous,able to use both hands equally,"If 'ambi-' means both, what does 'ambivalent' suggest about a person's feelings?",3
PREFIX,amicus-,friend (Latin),amicus curiae,a friend of the court — a non-party who offers information,How does 'amicus' shape the role of an amicus curiae brief in appellate proceedings?,5
PREFIX,ante litem-,before the lawsuit (Latin),ante litem notice,a formal notice given before litigation begins,How does 'ante litem' relate to statutes requiring notice before suing a government body?,8
PREFIX,ante-,before / in front of,antechamber,a room before the main room,How is 'ante-' different from 'anti-'? Use 'antebellum' as a clue.,3
PREFIX,ante-contractual,before the contract,pre-contractual representation,a statement made before contract formation that may give rise to liability,How does a 'pre-contractual' representation differ from a contractual term?,6
PREFIX,anti-,against / opposing,antibacterial,fighting against bacteria,What does the prefix 'anti-' mean? Give an example word.,1
PREFIX,apo-,away from / detached / derived from,apoptosis,programmed cell death — cells detaching from life,How does 'apo-' shape the meaning of 'apostate' (one who stands away from belief)?,6
PREFIX,archaeo-,ancient / primitive / original,archaeopteryx,the earliest known bird (ancient wing),How does 'archaeo-' connect 'archaeology' and 'archaic'?,5
PREFIX,auto-,self / same,autobiography,the story of one's own life,What does 'auto-' reveal about the word 'autopilot'?,1
PREFIX,bene-,good / well,benefactor,one who does good for others,How does 'bene-' connect 'benefit' and 'benevolent'?,2
PREFIX,bi-,two / twice,bilingual,speaking two languages,"If someone is 'bilingual,' what does the prefix 'bi-' tell you?",1
PREFIX,bona fide-,in good faith (Latin),bona fide purchaser,a buyer who acquires property honestly and without notice of defects,How does 'bona fide' protect a purchaser who had no knowledge of a prior claim?,4
PREFIX,brachy-,short,brachycephalic,having an abnormally short or broad head,How does 'brachy-' contrast with 'dolicho-' (long) in anatomical terms?,8
PREFIX,brady-,slow,bradycardia,abnormally slow heart rate,How does 'brady-' contrast with 'tachy-' (fast) in medical vocabulary?,7
PREFIX,caco-,bad / harsh / unpleasant,cacophony,a harsh and discordant mixture of sounds,How does 'caco-' contrast with 'eu-' (good) in 'cacophony' vs. 'euphony'?,7
PREFIX,cata-,down / against / thoroughly,catabolism,the breaking down of molecules for energy,How does 'cata-' contrast with 'ana-' (up/building) in 'catabolism' vs. 'anabolism'?,5
PREFIX,chemo-,chemical,chemosynthesis,producing organic compounds using chemical energy,How does 'chemo-' contrast 'chemosynthesis' with 'photosynthesis'?,4
PREFIX,circum-,around / about,circumnavigate,to travel all the way around,"Using 'circum-' (around), what would 'circumference' literally describe?",3
PREFIX,cis-,on this side of,cisgender,identifying with the gender assigned at birth (on the same side),How does 'cis-' contrast with 'trans-' in both chemistry and gender studies?,5
PREFIX,co-,together / jointly (business),co-branding,the use of two or more brand identities on a single product,How does 'co-branding' differ from a licensing arrangement in marketing?,2
PREFIX,co- / com- / con-,together / with,cooperate,to work together,How does 'com-' shape the meaning of 'combine'? What are the parts combining?,1
PREFIX,contra-,against / opposite,contradict,to say the opposite,"If 'contra-' means against, what does 'contraband' suggest about the goods?",3
PREFIX,contra-,against / contrary to,contra proferentem,interpreting ambiguous contract terms against the drafter,How does 'contra proferentem' discourage parties from drafting intentionally vague clauses?,3
PREFIX,cross-,across / reciprocal (business),cross-collateralization,the use of collateral for one loan to secure another loan,How does 'cross-collateralization' affect the relative positions of different lenders?,3
PREFIX,cryo-,cold / freezing,cryogenics,the science of producing very low temperatures,How does 'cryo-' shape the meaning of 'cryonics' (freezing bodies for future revival)?,5
PREFIX,crypto-,hidden / secret,cryptography,the art of writing in secret codes,"How does 'crypto-' connect 'cryptic,' 'crypt,' and 'cryptozoology'?",4
PREFIX,cyan-,blue / dark blue,cyanosis,a bluish discoloration of skin from lack of oxygen,How does 'cyan-' connect 'cyanide' and 'cyan' in color theory?,5
PREFIX,dactylo-,finger / digit / toe,dactyloscopy,the study of fingerprints for identification,How does 'dactylo-' connect 'pterodactyl' (winged finger) and 'polydactyly'?,8
PREFIX,de facto-,in fact / in practice (Latin),de facto corporation,an entity functioning as a corporation despite lacking full legal formalities,How does 'de facto' differ from 'de jure' (by law) in corporate and governmental contexts?,3
PREFIX,de jure-,by law / by right (Latin),de jure segregation,segregation mandated by law (as opposed to custom),How does 'de jure' contrast with 'de facto' in describing the source of a legal condition?,4
PREFIX,de-,down / away / reverse,deactivate,to reverse activation,How does 'de-' change the meaning of 'code' in 'decode'?,1
PREFIX,de-,reverse / undo (business),demerger,the separation of a business previously combined by merger,Why might a company pursue a 'demerger' to unlock shareholder value?,1
PREFIX,demi-,half / partially,demigod,a being half god and half mortal,"If 'demi-' means half, what would 'demitasse' (a small coffee cup) literally mean?",3
PREFIX,dendro-,tree / branching,dendrochronology,dating events by studying tree rings,How does 'dendro-' shape the meaning of 'dendrite' (a branching nerve extension)?,6
PREFIX,di-,two / double,dioxide,a compound with two oxygen atoms,What does 'di-' tell you about the word 'dilemma' (two assumptions)?,2
PREFIX,dia-,through / across / between,diagonal,a line going across a shape,How does 'dia-' (through/across) shape the meaning of 'diameter'?,3
PREFIX,dis-,not / opposite of,disorganized,not organized,What does 'dis-' do to the meaning of a base word? Use 'dishonest' as a clue.,1
PREFIX,dolicho-,long,dolichocephalic,having an elongated skull,How does 'dolicho-' contrast with 'brachy-' (short) in medical anthropology?,9
PREFIX,dys-,bad / difficult / abnormal,dyslexia,difficulty with reading,How does 'dys-' change the meaning of 'function' in 'dysfunction'?,3
PREFIX,dys-,bad / difficult / abnormal,dyslexia,difficulty with reading,How does 'dys-' change the meaning of 'function' in 'dysfunction'?,3
PREFIX,e- / ex-,out / out of / former,export,to carry out of the country,"Using 'ex-' (out of), explain the meaning of 'exhale.' What is leaving?",1
PREFIX,ecto-,outside / outer,ectoplasm,the outer layer of cytoplasm in a cell,How does 'ecto-' contrast with 'endo-' (within) in biological terms?,6
PREFIX,en- / em-,cause to / put into,empower,to put power into someone,How does 'en-' transform the noun 'courage' in 'encourage'?,2
PREFIX,endo-,within / inner,endoscopy,a visual examination of the interior of the body,How does 'endo-' contrast with 'exo-' in 'endothermic' vs. 'exothermic'?,5
PREFIX,epi-,upon / above / over / in addition,epigenetics,changes in gene expression caused by factors above the DNA sequence,How does 'epi-' shape the meaning of 'epicenter' and 'epitaph' (writing upon a grave)?,4
PREFIX,equi-,equal / equally,equilateral,having all equal sides,"If 'equi-' means equal, what does 'equinox' suggest about day and night?",3
PREFIX,erythro-,red,erythrocyte,a red blood cell,How does 'erythro-' connect 'erythema' (redness of skin) and 'erythropoiesis'?,7
PREFIX,eu-,good / well / true / normal,euphoria,a feeling of great well-being,How does 'eu-' shape the meaning of 'eulogy' (good words) and 'euthanasia'?,4
PREFIX,ex parte-,from one side only (Latin),ex parte hearing,a court proceeding conducted with only one party present,How does 'ex parte' differ from an adversarial hearing? When is it permitted?,5
PREFIX,ex post facto-,after the fact (Latin),ex post facto law,a law that criminalizes conduct that was legal when it occurred,Why does the U.S. Constitution prohibit 'ex post facto' criminal laws?,5
PREFIX,exo-,outside / external / beyond,exosphere,the outermost layer of Earth's atmosphere,How does 'exo-' shape the meaning of 'exoskeleton' vs. 'endoskeleton'?,5
PREFIX,extra-,beyond / outside,extraordinary,beyond the ordinary,How does 'extra-' elevate the meaning of 'ordinary' in 'extraordinary'?,2
PREFIX,fore-,before / in front,foreshadow,to hint at what comes before,What does 'fore-' tell you about the timing in 'forecast'?,2
PREFIX,franch-,free / privilege (business),franchise,a license to operate a business using the franchisor's brand and system,How does a 'franchise' relationship create both commercial opportunity and legal risk for the franchisee?,5
PREFIX,haplo-,single / simple,haploid,having a single set of chromosomes,How does 'haplo-' contrast with 'diplo-' (double) in genetics?,8
PREFIX,hemi-,half,hemisphere,half of a sphere,"If 'hemi-' means half, what does 'hemicycle' describe?",3
PREFIX,hepato-,liver,hepatocyte,a liver cell,How does 'hepato-' connect 'hepatitis' (inflammation of the liver) and 'hepatomegaly'?,7
PREFIX,histo-,tissue,histology,the microscopic study of biological tissue,How does 'histo-' shape the meaning of 'histogenesis' (tissue formation)?,6
PREFIX,homeo-,similar / like / constant,homeostasis,the tendency of a system to maintain internal equilibrium,How does 'homeo-' shape the meaning of 'homeomorphic' (having similar form)?,6
PREFIX,hyper-,over / above / excessive,hyperactive,excessively active,How does 'hyper-' intensify meaning? Compare 'sensitive' and 'hypersensitive.',2
PREFIX,hyper-,over / above / excessive,hyperactive,excessively active,How does 'hyper-' intensify meaning? Compare 'sensitive' and 'hypersensitive.',2
PREFIX,hypo-,under / below / less than normal,hypothesis,a foundational idea placed underneath an argument,What does 'hypo-' suggest about 'hypothermia'? What is happening in the body?,3
PREFIX,hypo-,under / below / less than normal,hypothesis,a foundational idea placed underneath an argument,What does 'hypo-' suggest about 'hypothermia'? What is happening in the body?,3
PREFIX,idio-,one's own / distinct / peculiar,idiopathic,arising from an unknown or spontaneous cause,How does 'idio-' shape the meaning of 'idiosyncrasy' (one's own particular trait)?,7
PREFIX,il- / im- / in- / ir-,not / into,impossible,not possible,How does 'im-' negate 'possible'? Give two more examples using 'in-' or 'ir-.',1
PREFIX,in absentia-,in absence (Latin),trial in absentia,a trial conducted without the defendant present,What due-process concerns arise when a trial proceeds 'in absentia'?,6
PREFIX,in camera-,in the chamber / in private (Latin),in camera review,a judge's private examination of evidence outside the public courtroom,Why might a judge conduct an 'in camera' review of sensitive documents?,6
PREFIX,in limine-,at the threshold (Latin),motion in limine,a pretrial motion to exclude certain evidence before trial begins,How does a motion 'in limine' protect the jury from hearing potentially prejudicial evidence?,7
PREFIX,in pari delicto-,in equal fault (Latin),in pari delicto doctrine,the principle that courts will not assist a plaintiff equally at fault,How does 'in pari delicto' limit a party's ability to sue for relief from an illegal contract?,9
PREFIX,infra-,below / beneath,infrastructure,the foundational systems beneath a society,How does 'infra-' shape the meaning of 'infrared' (below red on the spectrum)?,3
PREFIX,inter alia-,among other things (Latin),inter alia clause,language indicating that listed items are not exhaustive,How does 'inter alia' function as a drafting tool to avoid exhaustive enumeration?,6
PREFIX,inter vivos-,between the living (Latin),inter vivos trust,a trust created and operative during the grantor's lifetime,How does an 'inter vivos' trust differ from a testamentary trust (created by will)?,7
PREFIX,inter-,between / among,international,between or among nations,How does 'inter-' explain the meaning of 'interrupt' (to break between)?,1
PREFIX,inter-,between (business),intercompany loan,a loan between entities within the same corporate group,What are the transfer pricing concerns associated with 'intercompany' loans?,1
PREFIX,intra-,within / inside,intravenous,within the veins,What is the key difference between 'inter-' and 'intra-'? Use examples.,3
PREFIX,ipso facto-,by the fact itself (Latin),ipso facto clause,a contract clause triggering automatic termination upon a specified event,How does an 'ipso facto' clause operate in bankruptcy proceedings?,5
PREFIX,iso-,equal / same / uniform,isometric,having equal measurements in all directions,How does 'iso-' shape the meaning of 'isotope' and 'isobar'?,5
PREFIX,karyo-,nucleus / nut,karyotype,the full chromosomal complement of a cell's nucleus,How does 'karyo-' connect 'prokaryote' (before nucleus) and 'eukaryote' (true nucleus)?,9
PREFIX,leuco-,white,leucocyte,a white blood cell,How does 'leuko-' connect 'leukemia' (white blood disease) and 'leukoderma'?,7
PREFIX,lipo-,fat / lipid,lipolysis,the breakdown of fats,How does 'lipo-' connect 'lipophilic' (fat-loving) and 'lipoprotein'?,6
PREFIX,lis pendens-,pending suit (Latin),lis pendens notice,a recorded notice that litigation affecting title to property is pending,How does a 'lis pendens' filing protect a litigant's interest in real property during litigation?,7
PREFIX,litho-,stone / rock,lithosphere,the rigid rocky outer layer of the Earth,How does 'litho-' connect 'lithograph' (writing on stone) and 'lithification'?,5
PREFIX,locus standi-,place of standing (Latin),locus standi,the legal right to bring an action or challenge a decision,How does 'locus standi' function as a threshold requirement before a court will hear a case?,6
PREFIX,lyso-,dissolving / loosening,lysozyme,an enzyme that dissolves bacterial cell walls,How does 'lyso-' connect 'electrolysis' and 'lysogenic' (carrying a dissolving agent)?,8
PREFIX,macro-,large / long,macroeconomics,the study of large-scale economies,"If 'macro-' means large, what would 'macroscopic' mean?",2
PREFIX,macro-,large / economy-wide (business),macroeconomics,the study of economy-wide phenomena such as inflation and GDP,How do 'macro' economic indicators affect corporate financing decisions?,2
PREFIX,mal-,bad / badly / evil,malfunction,to function badly,How does 'mal-' shape the meaning of 'malnutrition'?,2
PREFIX,mal-,bad / badly / evil,malfunction,to function badly,How does 'mal-' shape the meaning of 'malnutrition'?,2
PREFIX,mega-,very large / million,megaphone,a device that greatly amplifies sound,What does 'mega-' add to the word 'byte' in 'megabyte'?,2
PREFIX,mens rea-,guilty mind (Latin),mens rea requirement,the mental state required for criminal liability,How does 'mens rea' distinguish murder from manslaughter under criminal law?,5
PREFIX,meso-,middle / intermediate,mesosphere,the middle layer of the Earth's atmosphere,How does 'meso-' connect 'mesoderm' (middle germ layer) and 'Mesopotamia' (land between rivers)?,5
PREFIX,meta-,after / beyond / change / about,metacognition,thinking about one's own thinking,How does 'meta-' work differently in 'metabolism' (beyond throwing) and 'metamorphosis'?,4
PREFIX,micro-,very small,microscope,an instrument for viewing very small things,"If 'micro-' means very small, what would 'microorganism' describe?",1
PREFIX,micro-,small / firm-level (business),microfinance,the provision of small loans to entrepreneurs without access to conventional banking,How does 'microfinance' differ from traditional commercial lending in risk profile?,1
PREFIX,mid-,middle,midnight,the middle of the night,How does 'mid-' locate something in time or space? Use 'midpoint' as an example.,1
PREFIX,mis-,wrongly / badly,misspell,to spell incorrectly,Explain how 'mis-' changes the meaning of 'understand' in 'misunderstand.',1
PREFIX,mnemo-,memory,mnemonic,a device or technique that aids memory,How does 'mnemo-' connect to Mnemosyne (the Greek goddess of memory)?,6
PREFIX,mono-,one / single,monologue,a speech by one person,"If 'mono-' means one, what does 'monotone' suggest about a voice?",2
PREFIX,multi-,many / multiple,multilingual,speaking many languages,How does 'multi-' expand the meaning of 'task' in 'multitask'?,1
PREFIX,myco-,fungus,mycology,the study of fungi,How does 'myco-' connect 'mycorrhiza' (fungus-root symbiosis) and 'mycotoxin'?,7
PREFIX,myelo-,marrow / spinal cord,myelopathy,a disease affecting the spinal cord,How does 'myelo-' connect 'myeloma' (bone marrow tumor) and 'myelin'?,7
PREFIX,narco-,stupor / numbness / sleep,narcolepsy,a disorder causing sudden uncontrollable sleep,How does 'narco-' connect 'narcotic' and 'narcosis'?,5
PREFIX,necro-,death / dead tissue,necrosis,the death of body tissue,How does 'necro-' connect 'necromancy' (communicating with the dead) and 'necropolis'?,5
PREFIX,nemo contra-,no one against (Latin),nemo contra factum suum venire potest,no one can contradict their own act (estoppel principle),How does this maxim underpin the doctrine of promissory estoppel?,9
PREFIX,neo-,new / recent,neoclassical,relating to a revival of classical styles,What does 'neo-' suggest about a 'neologism' (neo + logos)?,3
PREFIX,nephro-,kidney,nephrology,the study of kidney function and diseases,How does 'nephro-' connect 'nephritis' and 'nephrectomy' (kidney removal)?,7
PREFIX,neuro-,nerve / nervous system,neuroplasticity,the brain's ability to reorganize neural pathways,"How does 'neuro-' connect 'neurotransmitter,' 'neuropathy,' and 'neuroscience'?",4
PREFIX,noci-,harm / pain (as a stimulus),nociceptor,a sensory receptor that responds to pain stimuli,How does 'noci-' shape the meaning of 'nociception' (the neural process of encoding pain)?,9
PREFIX,non est-,it is not (Latin),non est factum,a plea that a signed document is not one's deed (due to fundamental mistake),How does 'non est factum' differ from ordinary mistake as a contract defense?,9
PREFIX,non-,not,nonfiction,writing that is not fiction,What is the difference between 'non-' and 'un-'? Can 'nonliving' and 'unliving' both work?,1
PREFIX,noso-,disease,nosology,the systematic classification of diseases,How does 'noso-' connect 'nosocomial' (hospital-acquired disease)?,8
PREFIX,nunc pro tunc-,now for then (Latin),nunc pro tunc order,a court order giving retroactive effect to a prior ruling,When might a court issue a 'nunc pro tunc' order to correct the record?,8
PREFIX,ob-,against / toward / in the way,obstacle,something standing in the way,How does 'ob-' shape the meaning of 'object' (to throw against)?,3
PREFIX,obiter-,by the way (Latin),obiter dictum,a judge's incidental remark not essential to the decision,How does 'obiter' (by the way) distinguish dictum from the binding ratio decidendi?,7
PREFIX,oligo-,few / little / scanty,oligarchy,rule by a small number of people,How does 'oligo-' shape the meaning of 'oligopoly' and 'oligonucleotide'?,6
PREFIX,omni-,all / every,omnivore,an animal that eats everything,"If 'omni-' means all, what would 'omniscient' mean? Break it into parts.",2
PREFIX,onco-,tumor / mass,oncology,the study and treatment of tumors,How does 'onco-' connect 'oncogene' (a gene that can cause cancer) and 'oncogenesis'?,6
PREFIX,onto-,being / existence,ontology,the branch of philosophy concerned with the nature of being,How does 'onto-' shape the meaning of 'ontogenesis' (development of an individual organism)?,6
PREFIX,ortho-,straight / correct / upright,orthodontics,the correction of teeth alignment,How does 'ortho-' shape the meaning of 'orthopedics' (straight child/limb) and 'orthodox'?,4
PREFIX,osteo-,bone,osteoporosis,a condition of porous and fragile bones,How does 'osteo-' connect 'osteoblast' (bone-forming cell) and 'osteoclast' (bone-breaking cell)?,5
PREFIX,over-,too much / above / across,overestimate,to estimate too high,How does 'over-' change 'react' in 'overreact'?,1
PREFIX,over-,excessive / above target (business),oversubscription,demand for shares exceeding the number offered in an IPO,What allocation methods do underwriters use when an IPO is 'oversubscribed'?,1
PREFIX,paleo-,ancient / old,paleontology,the study of ancient life through fossils,How does 'paleo-' connect 'Paleolithic' and 'paleoclimatology'?,4
PREFIX,pan-,all / every / whole,pandemic,a disease affecting all people across a region,What does 'pan-' tell you about 'panorama' (a view of everything around)?,3
PREFIX,para-,beside / beyond / altered,paramedic,one who works beside (assisting) a doctor,How does 'para-' shape the meaning of 'parallel'?,3
PREFIX,pari passu-,on equal footing (Latin),pari passu clause,a provision ensuring equal ranking among creditors,How does a 'pari passu' clause protect junior creditors in a debt restructuring?,7
PREFIX,patho-,disease / suffering,pathogenesis,the origin and development of a disease,How does 'patho-' connect 'psychopathology' and 'idiopathic'?,5
PREFIX,per curiam-,by the court (Latin),per curiam opinion,an opinion issued in the name of the court as a whole rather than a named judge,How does a 'per curiam' decision differ from a signed majority opinion in practice?,7
PREFIX,per se-,by itself / in itself (Latin),per se rule,a rule treating certain conduct as inherently illegal without further analysis,How does 'per se' illegality under antitrust law differ from the 'rule of reason' approach?,4
PREFIX,peri-,around / near,perimeter,the measurement around a shape,How does 'peri-' explain the word 'periscope' (to look around)?,3
PREFIX,phago-,eating / engulfing,phagocyte,a cell that engulfs and destroys bacteria,How does 'phago-' connect 'bacteriophage' (bacteria-eater) and 'sarcophagus' (flesh-eater)?,7
PREFIX,pheno-,appearing / showing / light,phenotype,the observable characteristics expressed by an organism,How does 'pheno-' contrast with 'geno-' in 'phenotype' vs. 'genotype'?,5
PREFIX,phylo-,tribe / race / evolutionary lineage,phylogenetics,the study of evolutionary relationships between organisms,How does 'phylo-' connect 'phylum' and 'phylogeny'?,7
PREFIX,phyto-,plant,phytoplankton,microscopic plants drifting in water,How does 'phyto-' connect 'phytochemical' and 'phytoremediation' (plants cleaning toxins)?,7
PREFIX,piezo-,pressure / to press,piezoelectricity,electricity generated by applying pressure to certain materials,How does 'piezo-' shape the meaning of 'piezometer' (pressure-measuring device)?,9
PREFIX,pneumo-,air / lung / breath,pneumothorax,air in the pleural cavity (collapsed lung),"How does 'pneumo-' connect 'pneumonia,' 'pneumatic,' and 'apnea' (without breath)?",6
PREFIX,poly-,many,polygon,a shape with many angles,"If 'poly-' means many, what does 'polyglot' describe?",2
PREFIX,post-,after / behind,postpone,to place something after its original time,How does 'post-' change meaning in 'postwar' versus 'prewar'?,1
PREFIX,pre-,before,prehistoric,before recorded history,What does 'pre-' signal about time? What would 'preview' mean?,1
PREFIX,prima facie-,at first face / on its face (Latin),prima facie case,a case presenting sufficient evidence to prevail unless rebutted,What must a plaintiff establish to make out a 'prima facie' case in employment discrimination?,4
PREFIX,pro bono-,for the good (Latin),pro bono representation,legal services provided free of charge for the public good,How does 'pro bono' work fulfill a lawyer's ethical and professional obligations?,3
PREFIX,pro rata-,in proportion (Latin),pro rata distribution,distribution of assets proportional to each party's share,How does 'pro rata' allocation differ from pari passu distribution among creditors?,4
PREFIX,pro tanto-,for so much (Latin),pro tanto payment,a partial payment accepted as settlement for part of a claim,How does 'pro tanto' credit operate in multi-defendant tort settlements?,8
PREFIX,pro-,before / forward / in favor of,promote,to move forward or raise up,What does 'pro-' suggest about direction in 'progress'?,2
PREFIX,proto-,first / original,prototype,the first model of something,How does 'proto-' shape the meaning of 'protocol' (the first rules)?,3
PREFIX,proto-,first / primitive / original,protostar,an early stage of star formation before nuclear fusion begins,"How does 'proto-' connect 'proton,' 'protoplasm,' and 'protocol'?",3
PREFIX,pseudo-,false / fake,pseudonym,a false name,,3
PREFIX,pseudo-,false / deceptive,pseudopodium,a false foot extended by amoebae for movement,How does 'pseudo-' shape the meaning of 'pseudoscience' and 'pseudomorph'?,3
PREFIX,pyro-,fire / fever / heat,pyrolysis,the chemical decomposition of material by heat,"How does 'pyro-' connect 'pyromaniac,' 'pyrite' (fire-stone), and 'pyroclastic'?",4
PREFIX,quad- / quart-,four,quadrant,one of four equal sections,How does 'quad-' appear in 'quadrilateral'? What shape does it describe?,3
PREFIX,quasi-,as if / resembling,quasi-contract,an obligation imposed by law to prevent unjust enrichment — not a true contract,How does 'quasi-' signal that a legal concept shares features with but is not identical to the named institution?,4
PREFIX,re-,again / back,rewrite,to write again,Use the prefix 're-' to explain the difference between 'build' and 'rebuild.',1
PREFIX,re-,again / back (business),recapitalization,a restructuring of a company's mix of debt and equity capital,When might a private-equity firm use 'recapitalization' to return capital to investors?,1
PREFIX,res-,thing / matter (Latin),res judicata,the matter has been judged — a decided case cannot be relitigated,How does 'res' function as a legal shorthand for the subject matter of a proceeding?,4
PREFIX,retro-,backward / back,retrospect,looking back on the past,How does 'retro-' shape the meaning of 'retrofit'?,3
PREFIX,retro-,backward / behind / past,retrograde,moving backward / in a direction opposite to normal,How does 'retro-' shape the meaning of 'retroactive' and 'retroviruses' (working backwards on RNA)?,3
PREFIX,rheo-,flow / current,rheology,the study of the flow of matter under stress,How does 'rheo-' connect 'rheostat' (a device controlling current) and 'rheometer'?,9
PREFIX,sarco-,flesh / muscle,sarcoplasm,the cytoplasm of a muscle fiber,How does 'sarco-' connect 'sarcoma' (flesh tumor) and 'sarcophagus'?,7
PREFIX,schizo-,split / divided,schizophrenia,a disorder characterized by fragmented thinking,How does 'schizo-' shape the meaning of 'schizocarp' (a fruit that splits into parts)?,6
PREFIX,sclero-,hard / hardening,sclerosis,the abnormal hardening of tissue,"How does 'sclero-' connect 'multiple sclerosis,' 'sclera' (the white of the eye), and 'atherosclerosis'?",7
PREFIX,semi-,half / partly,semicircle,half a circle,What is the difference between 'semi-' and 'hemi-'? Are they interchangeable?,2
PREFIX,sine qua non-,without which not (Latin),sine qua non test,the but-for causation test — a condition without which harm would not have occurred,How does 'sine qua non' function as the basic test for factual causation in tort law?,6
PREFIX,somato-,body,somatosensory,"relating to bodily sensation (touch, pain, temperature)",How does 'somato-' connect 'psychosomatic' (mind-body) and 'chromosome' (colored body)?,7
PREFIX,stare decisis-,to stand by decisions (Latin),stare decisis doctrine,the principle that courts follow prior binding precedents,How does 'stare decisis' promote legal certainty while allowing for incremental development of the law?,5
PREFIX,steno-,narrow / contracted,stenosis,an abnormal narrowing of a channel or vessel,How does 'steno-' connect 'stenography' (narrow/shorthand writing) and 'stenothermal'?,7
PREFIX,stereo-,solid / three-dimensional,stereochemistry,the study of three-dimensional arrangements of atoms,How does 'stereo-' shape the meaning of 'stereotype' (a fixed solid image)?,4
PREFIX,sub judice-,under the judge / before the court (Latin),sub judice rule,the prohibition on prejudicing ongoing court proceedings through public comment,Why is the 'sub judice' rule especially sensitive in high-profile criminal cases?,7
PREFIX,sub-,under / below / less,submarine,a vessel that travels under the sea,How does 'sub-' describe the position in 'subtext'?,1
PREFIX,sub-,under / subordinate (business),subordinated debt,debt that ranks below senior debt in the event of insolvency,How does 'subordinated' debt differ from senior debt in the capital stack?,1
PREFIX,sui generis-,of its own kind (Latin),sui generis protection,intellectual property protection for a unique category not fitting standard regimes,How does 'sui generis' protection for databases differ from copyright protection?,6
PREFIX,super-,above / over / beyond,supernatural,beyond what is natural,How does 'super-' intensify 'impose' in 'superimpose'?,1
PREFIX,supra-,above / beyond,supranational,above or beyond a single nation,How is 'supra-' different from 'super-' in practice?,4
PREFIX,supra-national,above the nation (business),supranational body,"an entity whose authority extends across national borders (e.g., WTO, EU)",How do 'supranational' trade rules override domestic law in member states?,6
PREFIX,sur-,over / above / beyond,surpass,to go beyond and above,How does 'sur-' shape the meaning of 'surcharge'?,3
PREFIX,syn- / sym-,together / with / same,symphony,sounds coming together harmoniously,How does 'syn-' explain the meaning of 'synthesis'?,3
PREFIX,tachy-,fast / rapid,tachycardia,abnormally rapid heart rate,How does 'tachy-' contrast with 'brady-' (slow) in medical terminology?,7
PREFIX,tele-,far / distant,telescope,an instrument for viewing distant objects,What does 'tele-' reveal about the purpose of 'telecommunications'?,2
PREFIX,telo-,end / complete / far,telomere,the protective end-cap of a chromosome,How does 'telo-' shape the meaning of 'telophase' (the end phase of cell division)?,8
PREFIX,tera-,trillion / monster,terabyte,one trillion bytes of digital information,How does 'tera-' fit into the metric prefix scale above 'giga-'?,4
PREFIX,terr-,earth,terrestrial,relating to the earth,"How does 'terr-' connect 'terrain,' 'territory,' and 'extraterrestrial'?",3
PREFIX,thanato-,death,thanatology,the scientific study of death and dying,How does 'thanato-' connect 'euthanasia' (good death) and 'Thanatos' (the Greek personification of death)?,8
PREFIX,thrombo-,clot / lump,thrombosis,the formation of a blood clot inside a vessel,How does 'thrombo-' connect 'thrombocyte' (clotting cell) and 'thromboembolic'?,6
PREFIX,topo-,place / region / surface,topography,the detailed mapping of surface features of a region,How does 'topo-' connect 'topology' (the study of spatial properties) and 'toponym'?,5
PREFIX,toxico-,poison,toxicology,the scientific study of poisons and their effects,How does 'toxico-' connect 'cytotoxic' (cell-poisoning) and 'antitoxin'?,6
PREFIX,trans-,across / through / beyond,transcontinental,crossing a continent,What does 'trans-' suggest about movement or location? Think of 'transport.',2
PREFIX,tropho-,feeding / nutrition,trophoblast,the outer layer of cells nourishing an embryo,How does 'tropho-' connect 'autotroph' (self-feeder) and 'heterotroph'?,8
PREFIX,tropo-,turning / response,troposphere,the lowest atmospheric layer where weather turns and changes,How does 'tropo-' shape the meaning of 'phototropism' (turning toward light)?,7
PREFIX,ultra vires-,beyond the powers (Latin),ultra vires act,an act exceeding the legal powers of a corporation or public body,What are the consequences when a company acts 'ultra vires' its constitutional objects?,6
PREFIX,ultra-,beyond / extreme,ultraviolet,beyond the violet end of the light spectrum,How does 'ultra-' intensify 'modern' in 'ultramodern'?,2
PREFIX,un-,not / reverse,unhappy,not happy,Compare 'undo' and 'redo' — what do 'un-' and 're-' each do to 'do'?,1
PREFIX,under-,below / too little,underestimate,to estimate too low,How does 'under-' reverse 'over-' in 'underperform' vs. 'overperform'?,1
PREFIX,under-,below / insufficient (business),undercapitalization,having insufficient capital to meet the needs of a business,Why is 'undercapitalization' a risk factor for lenders and a potential ground for piercing the corporate veil?,1
PREFIX,uni-,one / single,unicycle,a cycle with one wheel,"If 'uni-' means one, what does 'uniform' literally suggest?",2
PREFIX,up-,upward / better (business),upsell,to persuade a customer to purchase a higher-value product or add-on,How does an 'upsell' strategy differ from 'cross-selling' in revenue generation?,2
PREFIX,vaso-,vessel / duct,vasodilation,the widening of blood vessels,"How does 'vaso-' connect 'vasoconstriction,' 'vasopressin,' and 'cardiovascular'?",6
PREFIX,vice versa-,the position being reversed (Latin),vice versa liability,reciprocal liability running in both directions,How does 'vice versa' capture the symmetry of mutual obligations in bilateral contracts?,2
PREFIX,vice-,in place of / deputy,vice president,one who acts in place of the president,How does 'vice-' define the role of a 'viceroy'?,3
PREFIX,xantho-,yellow,xanthophyll,a yellow pigment found in plant leaves,How does 'xantho-' connect 'xanthoderma' (yellow skin) and 'xanthoma'?,8
PREFIX,xeno-,foreign / strange,xenotransplantation,the transplanting of organs from one species to another,How does 'xeno-' shape the meaning of 'xenophobia' and 'xenobiotic' (a foreign chemical in biology)?,5
PREFIX,xero-,dry,xerophyte,a plant adapted to survive in dry conditions,How does 'xero-' connect 'xerography' (dry writing — the principle of photocopying) and 'xerostomia'?,7
PREFIX,xylo-,wood,xylophagous,feeding on wood,How does 'xylo-' connect 'xylophone' (wooden sound) and 'xylem' (the wood of a plant's vascular system)?,7
PREFIX,zygo-,yoke / joined / paired,zygote,a fertilized egg cell formed by the joining of two gametes,How does 'zygo-' shape the meaning of 'zygomorphic' (bilaterally symmetrical — yoked on both sides)?,8
SUFFIX,-ability / -ibility,quality of being capable of (legal),enforceability,the quality of a contract or judgment being capable of being enforced,How does '-ability' convert a verb like 'enforce' into a noun describing a legal quality?,2
SUFFIX,-able / -ible,capable of / worthy of,manageable,able to be managed,What does adding '-able' to a verb do to its meaning? Use 'readable' as an example.,1
SUFFIX,-acy,state or quality of,democracy,a state of rule by the people,What quality or state does '-acy' name in 'accuracy'?,2
SUFFIX,-age,action / result / collection,storage,the act or result of storing,How does '-age' shape the meaning of 'marriage' (the state of being wed)?,1
SUFFIX,-age (business),charge / fee / service,brokerage,the fee charged by a broker for executing transactions on behalf of a client,How does 'brokerage' as a fee structure differ from a commission or a retainer?,2
SUFFIX,-agogue,leading / inducing,demagogue,a leader who manipulates the people,How does '-agogue' (leading) shape the meaning of 'pedagogue' (child-leader / teacher)?,7
SUFFIX,-al,relating to / process of,theatrical,relating to the theatre,How does '-al' change 'nature' into 'natural'? What part of speech does it create?,1
SUFFIX,-algia,pain,neuralgia,sharp nerve pain,How does '-algia' connect 'myalgia' (muscle pain) and 'analgesic' (against pain)?,6
SUFFIX,-alization,process of making / converting,capitalization,the process of converting earnings or assets into capital or providing a company with capital,How does market 'capitalization' measure a company's value relative to book value?,3
SUFFIX,-ance / -ence,state / quality / action,brilliance,the quality of being brilliant,What does '-ance' add to 'perform' in 'performance'?,1
SUFFIX,-ant / -ent,one who / causing,assistant,one who assists,What does '-ant' tell you about the role of an 'accountant'?,1
SUFFIX,-archy,rule / government,oligarchy,rule by a small group,"How does '-archy' connect 'anarchy' (no rule), 'monarchy,' and 'patriarchy'?",4
SUFFIX,-ary (legal),relating to / connected with,fiduciary,a person holding a position of trust and relating to that duty,How does '-ary' connect 'fiduciary' (relating to trust) and 'testamentary' (relating to a will)?,2
SUFFIX,-ary / -ery / -ory,relating to / place for,laboratory,a place for scientific work,How does '-ory' shape the meaning of 'dormitory' (a place to sleep)?,2
SUFFIX,-ase,enzyme (biochemistry),protease,an enzyme that breaks down proteins,How does '-ase' identify 'lipase' and 'amylase' as enzymes in biochemistry?,6
SUFFIX,-ate,to make / having / caused by,activate,to make active,How does '-ate' function differently as a verb in 'celebrate' vs. an adjective in 'fortunate'?,1
SUFFIX,-ate (legal),to act / to make / to appoint,adjudicate,to make a judicial decision,How does '-ate' function in 'arbitrate' (to act as arbitrator) and 'mandate' (to formally order)?,2
SUFFIX,-blast,immature cell / formative cell,osteoblast,a cell that forms bone,"How does '-blast' connect 'fibroblast,' 'neuroblast,' and 'blastocyst'?",7
SUFFIX,-cele,hernia / swelling / cavity,hydrocele,an accumulation of fluid in a body cavity,How does '-cele' shape the meaning of 'meningocele' (herniation of the meninges)?,8
SUFFIX,-cide,killing / killer of,homicide,the killing of a human,"What pattern do you notice in 'pesticide,' 'herbicide,' and 'insecticide'?",3
SUFFIX,-cide,killing / killer,bactericide,an agent that kills bacteria,"How does '-cide' connect 'spermicide,' 'acaricide' (mite killer), and 'virucide'?",3
SUFFIX,-clast,breaker / destroyer,osteoclast,a cell that breaks down bone,How does '-clast' contrast with '-blast' in bone remodeling biology?,8
SUFFIX,-cracy,rule / government by,technocracy,rule or governance by technical experts,How does '-cracy' differ from '-archy' in 'democracy' and 'monarchy'?,4
SUFFIX,-cy,state / condition,fluency,the condition of being fluent,What does '-cy' add to 'urgent' in 'urgency'?,2
SUFFIX,-cy (legal),state or condition of,insolvency,the state of being unable to pay debts as they fall due,How does '-cy' transform 'insolvent' into a noun describing a legal condition?,2
SUFFIX,-cyte,cell,erythrocyte,a red blood cell,"How does '-cyte' connect 'leukocyte,' 'adipocyte,' and 'osteocyte'?",7
SUFFIX,-derm,skin / layer,endoderm,the innermost layer of an embryo,"How does '-derm' connect 'ectoderm,' 'mesoderm,' and 'pachyderm' (thick skin)?",5
SUFFIX,-dom,state of / realm of / those who,freedom,the state of being free,"What does '-dom' create in 'kingdom'? Is it a place, a state, or both?",2
SUFFIX,-drome,running / racecourse,syndrome,a group of symptoms that run together,How does '-drome' connect 'palindrome' (running back again) and 'prodrome' (running before)?,5
SUFFIX,-ectomy,surgical removal,appendectomy,surgical removal of the appendix,How does '-ectomy' contrast with '-ostomy' (creating an opening) in surgery?,5
SUFFIX,-ee,one who receives the action,employee,one who is employed by another,How does '-ee' reverse the relationship in 'employer' vs. 'employee'?,2
SUFFIX,-ee (business),recipient / passive party,franchisee,the party who receives a license to operate a franchise,How do the obligations of the 'franchisee' to the franchisor typically restrict business independence?,2
SUFFIX,-ee (legal),one who receives the action,lessee,one who receives a lease from a lessor,How does '-ee' reverse the relationship in 'lessor/lessee' and 'mortgagor/mortgagee'?,2
SUFFIX,-emia,blood condition,leukemia,a cancer causing abnormal white blood cells,"How does '-emia' connect 'anemia' (lack of blood), 'uremia,' and 'hypoglycemia'?",6
SUFFIX,-ent (legal),one who / causing,respondent,the party who responds to an appeal or petition,"How does '-ent' connect 'respondent,' 'claimant,' and 'applicant' as parties in proceedings?",2
SUFFIX,-er / -or,one who / that which,conductor,one who conducts,How does '-or' tell you about the role of an 'inventor'?,1
SUFFIX,-er / -or (business),one who acts / doer,underwriter,one who assumes financial risk on behalf of another (especially in insurance or securities),How does an 'underwriter' manage risk differently in insurance versus investment banking?,1
SUFFIX,-esque,in the style of / resembling,picturesque,resembling a picture; visually charming,How does '-esque' shape the meaning of 'grotesque'?,3
SUFFIX,-ess,female,actress,a female actor,How has the use of '-ess' (as in 'actress' vs. 'actor') changed in modern English?,2
SUFFIX,-ette,small / female / imitation,kitchenette,a very small kitchen,What does '-ette' suggest about size in 'novelette' (a short novel)?,3
SUFFIX,-ful,full of / having,grateful,full of gratitude,How does '-ful' change the noun 'beauty' into 'beautiful'? What does it add?,1
SUFFIX,-ful,full of,joyful,full of joy,How does '-ful' shift the meaning of 'wonder' in 'wonderful'?,1
SUFFIX,-gamy,marriage / union / fertilization,bigamy,the crime of marrying while already married,"How does '-gamy' connect 'monogamy,' 'polygamy,' and 'allogamy' (cross-fertilization)?",6
SUFFIX,-genesis,origin / creation / development,morphogenesis,the development of form in an organism,"How does '-genesis' connect 'abiogenesis,' 'parthenogenesis,' and 'pathogenesis'?",5
SUFFIX,-genic,producing / generated by / suitable for,carcinogenic,producing or tending to produce cancer,How does '-genic' shape the meaning of 'photogenic' and 'iatrogenic' (caused by medical treatment)?,5
SUFFIX,-gnosis,knowledge / recognition,prognosis,foreknowledge of the likely outcome of a disease,How does '-gnosis' connect 'diagnosis' (knowledge through thorough examination) and 'agnostic'?,6
SUFFIX,-hood,state / condition / group,childhood,the state or period of being a child,What community or state does '-hood' create in 'neighborhood'?,2
SUFFIX,-ia,condition / place / things relating to,insomnia,a condition of not being able to sleep,What type of concept does '-ia' typically name? Think of 'bacteria' and 'phobia.',3
SUFFIX,-ian,relating to / one who,musician,one who practices music,How does '-ian' create a profession from 'magic' in 'magician'?,2
SUFFIX,-iasis,condition / abnormal process,psoriasis,a chronic skin condition with scaly patches,How does '-iasis' connect 'lithiasis' (stone formation) and 'helminthiasis' (worm infestation)?,8
SUFFIX,-iatrics / -iatry,healing / medical treatment,psychiatry,the medical treatment of mental illness,"How does '-iatry' connect 'podiatry,' 'pediatrics,' and 'geriatrics'?",6
SUFFIX,-ic,relating to / having the nature of,heroic,having the nature of a hero,How does '-ic' change 'history' into 'historic'? What part of speech is created?,1
SUFFIX,-ical,relating to,historical,relating to history,What is the subtle difference between 'historic' and 'historical'?,2
SUFFIX,-ify / -fy,to make / to cause to be,simplify,to make simple,What does the suffix '-ify' do to a word? What would 'intensify' mean?,1
SUFFIX,-ing (business),action / ongoing process,factoring,the sale of accounts receivable to a third party at a discount for immediate cash,How does 'factoring' receivables differ from using them as collateral for a loan?,1
SUFFIX,-ion,act / state / result,confusion,the state of being confused,What does '-ion' add to 'celebrate' in 'celebration'?,1
SUFFIX,-ious / -ous,having / full of,courageous,full of courage,How does '-ous' transform the noun 'danger' in 'dangerous'?,1
SUFFIX,-ish,somewhat / relating to / like,childish,resembling or acting like a child,How does '-ish' soften or qualify meaning in 'greenish' or 'coldish'?,1
SUFFIX,-ism,belief / practice / doctrine,optimism,a belief in positive outcomes,What kind of concept does '-ism' usually describe? Give your own example.,1
SUFFIX,-ism,system / belief / practice,capitalism,a system based on private capital,How does '-ism' turn 'real' into a belief system in 'realism'?,1
SUFFIX,-ist,one who practices or believes,scientist,one who practices science,"If '-ist' means 'one who,' what does 'cyclist' describe?",1
SUFFIX,-ist,one who,pianist,one who plays the piano,How does '-ist' define a person's role or belief in 'activist'?,1
SUFFIX,-itis,inflammation,appendicitis,inflammation of the appendix,"How does '-itis' connect 'tonsillitis,' 'arthritis,' and 'encephalitis' (brain inflammation)?",4
SUFFIX,-ity / -ty,state / quality,creativity,the quality of being creative,What does '-ity' add to 'secure' in 'security'?,1
SUFFIX,-ive,tending to / having the nature of,creative,tending to create,How does '-ive' shape the meaning of 'act' in 'active'?,1
SUFFIX,-ize / -ise,to make / to become,modernize,to make modern,How does '-ize' work in 'memorize'? What action does it describe?,1
SUFFIX,-kinesis,movement / division,cytokinesis,the division of the cytoplasm in cell reproduction,"How does '-kinesis' connect 'telekinesis,' 'hyperkinesis,' and 'karyokinesis'?",7
SUFFIX,-lepsy,seizure / attack,narcolepsy,a disorder of sudden uncontrollable sleep attacks,How does '-lepsy' shape the meaning of 'epilepsy' (a seizure upon the person)?,8
SUFFIX,-less,without / lacking,fearless,without fear,How does '-less' change the meaning of 'hope' in 'hopeless'?,1
SUFFIX,-lite / -lith,stone / mineral / fossil,otolith,a calcium stone in the inner ear aiding balance,"How does '-lith' connect 'monolith,' 'megalith,' and 'coprolite' (fossil dung)?",6
SUFFIX,-logy / -ology,study / science of,biology,the study of living things,What does '-logy' tell you about the field of 'psychology'?,2
SUFFIX,-ly,in a manner / having the quality of,quickly,in a quick manner,What part of speech does '-ly' usually create? How does it change 'brave' in 'bravely'?,1
SUFFIX,-lysis,breaking down / loosening / decomposition,glycolysis,the breakdown of glucose for energy,"How does '-lysis' connect 'hydrolysis' (water breakdown), 'electrolysis,' and 'hemolysis'?",5
SUFFIX,-mania,excessive preoccupation / madness,kleptomania,an uncontrollable urge to steal,How does '-mania' shape the meaning of 'megalomania' and 'bibliomane'?,4
SUFFIX,-ment,action / result / state,achievement,the result of achieving something,How does '-ment' transform 'amaze' in 'amazement'?,1
SUFFIX,-ment (business),action / state / instrument,endorsement,the signing of a cheque or other instrument to transfer or guarantee it,How does 'endorsement' of a cheque affect negotiability and transfer of title?,1
SUFFIX,-ment (legal),act of / result of / instrument,indictment,the formal written instrument charging a person with a crime,How does '-ment' convert 'indict' into a noun naming the legal instrument itself?,1
SUFFIX,-mere,part / segment,chromosome,a colored body-segment (chroma + mere),How does '-mere' connect 'polymer' (many parts) and 'blastomere' (embryo segment)?,7
SUFFIX,-metry,measurement / science of measuring,psychrometry,the measurement of atmospheric humidity,"How does '-metry' connect 'geometry,' 'optometry,' and 'anthropometry'?",4
SUFFIX,-morph,form / shape,ectomorph,a body type characterized by a lean slender build,"How does '-morph' connect 'allomorph,' 'polymorph,' and 'pseudomorph'?",6
SUFFIX,-ness,state / quality,kindness,the quality of being kind,What does '-ness' add to 'dark' in 'darkness'?,1
SUFFIX,-nomy,system of laws / management of,gastronomy,the art and knowledge of fine food,How does '-nomy' connect 'astronomy' (laws of the stars) and 'economy' (management of the household)?,4
SUFFIX,-oid,resembling / like / in the form of,humanoid,resembling a human in form,How does '-oid' shape the meaning of 'asteroid' (star-like) and 'trapezoid'?,3
SUFFIX,-ology,study of,geology,the study of the earth,How does '-ology' name an academic field in 'sociology'?,2
SUFFIX,-oma,tumor / abnormal mass,lymphoma,a cancerous tumor of the lymphatic tissue,"How does '-oma' connect 'melanoma,' 'carcinoma,' and 'hematoma' (a blood mass)?",5
SUFFIX,-or (legal),one who / agent,lessor,one who grants a lease to another (the lessee),How does '-or' signal the active party in 'assignor/assignee' and 'offeror/offeree'?,2
SUFFIX,-ory (legal),relating to / serving to,mandatory,serving to issue a command; compulsory,How does '-ory' shape the legal meaning of 'declaratory' (serving to declare rights)?,3
SUFFIX,-osis,process / condition / abnormal state,neurosis,a functional mental disorder without structural change,"How does '-osis' connect 'fibrosis,' 'cirrhosis,' and 'osmosis' (a process of passing through)?",4
SUFFIX,-ostomy,surgical creation of an opening,colostomy,a surgical opening made in the colon,How does '-ostomy' contrast with '-ectomy' (removal) in surgical procedures?,7
SUFFIX,-otomy,cutting into / incision,craniotomy,a surgical incision into the skull,How does '-otomy' differ from '-ectomy'? Is the organ removed or just cut?,6
SUFFIX,-ous,full of / having,joyous,full of joy,How does '-ous' differ from '-ful' when both can mean 'full of'?,1
SUFFIX,-pathy,disease / feeling / treatment,osteopathy,a medical system treating disease through the musculoskeletal system,"How does '-pathy' connect 'neuropathy,' 'empathy' (feeling with), and 'homeopathy'?",4
SUFFIX,-penia,deficiency / lack,sarcopenia,age-related muscle loss,How does '-penia' connect 'leukopenia' (white cell deficiency) and 'osteopenia'?,7
SUFFIX,-phagia / -phagy,eating / consuming,dysphagia,difficulty in swallowing,How does '-phagy' connect 'autophagy' (self-eating) and 'coprophagy'?,7
SUFFIX,-philia,love / attraction / tendency toward,hemophilia,a condition of abnormal bleeding tendency,"How does '-philia' shape 'bibliophilia,' 'audiophile,' and broader contexts of '-philia'?",5
SUFFIX,-phobia,fear of,claustrophobia,fear of enclosed spaces,What do 'arachnophobia' and 'xenophobia' have in common structurally?,3
SUFFIX,-phyte,plant / organism,epiphyte,a plant growing on another plant without parasitizing it,"How does '-phyte' connect 'halophyte,' 'xerophyte,' and 'neophyte' (a newly planted one — a novice)?",6
SUFFIX,-plasia,formation / development,hyperplasia,excessive growth of tissue cells,How does '-plasia' contrast with '-plasm' (formed substance) in 'hyperplasia' vs. 'neoplasm'?,7
SUFFIX,-plasm,formed substance / plasma,cytoplasm,the fluid filling a cell outside the nucleus,"How does '-plasm' connect 'protoplasm,' 'neoplasm,' and 'ectoplasm'?",5
SUFFIX,-plasty,surgical repair / molding,rhinoplasty,surgical reshaping of the nose,How does '-plasty' connect 'angioplasty' (vessel reshaping) and 'arthroplasty'?,6
SUFFIX,-plegia,paralysis,hemiplegia,paralysis of one side of the body,"How does '-plegia' connect 'paraplegia,' 'quadriplegia,' and 'diplegia'?",7
SUFFIX,-pnea,breathing,apnea,temporary cessation of breathing,How does '-pnea' connect 'dyspnea' (difficult breathing) and 'hyperpnea'?,7
SUFFIX,-poiesis,making / production / formation,erythropoiesis,the production of red blood cells,How does '-poiesis' connect 'hematopoiesis' (blood formation) and 'thrombopoiesis'?,8
SUFFIX,-ptosis,falling / drooping / prolapse,nephroptosis,downward displacement of the kidney,How does '-ptosis' shape the meaning of 'blepharoptosis' (drooping eyelid) and 'apoptosis'?,7
SUFFIX,-rrhea,flow / discharge,diarrhea,excessive flow of loose stools,How does '-rrhea' connect 'amenorrhea' (absence of menstrual flow) and 'logorrhea'?,6
SUFFIX,-scope,instrument for viewing / examining,laparoscope,a viewing instrument inserted into the abdomen,How does '-scope' (viewing) contrast with '-graph' (recording) in scientific instruments?,3
SUFFIX,-scopy,visual examination,colonoscopy,visual examination of the colon,"How does '-scopy' connect 'arthroscopy,' 'bronchoscopy,' and 'spectroscopy'?",4
SUFFIX,-ship,state / condition / skill,leadership,the skill or state of leading,"What does '-ship' add to 'friend' in 'friendship'? Is it a skill, state, or relationship?",1
SUFFIX,-ship (business),state of / relationship,dealership,the franchise or right to sell a manufacturer's goods in a territory,How does a 'dealership' agreement create agency or distributorship obligations?,1
SUFFIX,-some,characterized by / tending to,troublesome,tending to cause trouble,How does '-some' shape the meaning of 'awesome' and 'handsome'?,2
SUFFIX,-stasis,stopping / stable state,hemostasis,the stopping of bleeding,"How does '-stasis' connect 'homeostasis,' 'bacteriostasis,' and 'metastasis' (spreading to a new standing place)?",6
SUFFIX,-taxis,arrangement / movement toward a stimulus,chemotaxis,movement of cells toward a chemical stimulus,"How does '-taxis' connect 'phototaxis,' 'gravitaxis,' and 'ataxia' (lack of coordination)?",7
SUFFIX,-tion / -sion,act of / state of / result of,creation,the act of creating,What part of speech does '-tion' usually create? What does 'celebration' mean?,1
SUFFIX,-tion / -sion (legal),act of / result of,adjudication,the formal legal process of resolving a dispute,"How does '-tion' create the noun form of legal processes in 'arbitration,' 'litigation,' and 'injunction'?",1
SUFFIX,-tomy,incision / cutting,lobotomy,a surgical incision into a lobe of the brain,How does '-tomy' connect 'anatomy' (cutting up — the study of structure) and 'dichotomy' (a cut in two)?,5
SUFFIX,-trophy,nourishment / growth / development,atrophy,wasting away through lack of nourishment or use,"How does '-trophy' connect 'hypertrophy' (overgrowth), 'dystrophy,' and 'eutrophication'?",5
SUFFIX,-tropic / -tropism,turning / affinity / influence on,psychotropic,acting on or influencing the mind,How does '-tropic' connect 'heliotropic' (turning to the sun) and 'neurotropic'?,6
SUFFIX,-ure,act / process / result,departure,the act of departing,How does '-ure' shape the meaning of 'fail' in 'failure'?,2
SUFFIX,-ure (legal),act of / result of / state of,foreclosure,the legal process by which a lender ends a borrower's rights in mortgaged property,"How does '-ure' shape the legal meaning of 'disclosure,' 'seizure,' and 'forfeiture'?",2
SUFFIX,-uria,condition of urine,hematuria,blood in the urine,"How does '-uria' connect 'glycosuria' (sugar in urine), 'polyuria,' and 'dysuria'?",7
SUFFIX,-vorous,feeding on / devouring,herbivorous,feeding on plants,"How does '-vorous' connect 'granivorous' (grain-eating), 'piscivorous' (fish-eating), and 'frugivorous'?",5
SUFFIX,-ward,in the direction of,northward,toward the north,How does '-ward' function in 'inward' vs. 'outward'?,2
SUFFIX,-wise,in the manner of / with regard to,likewise,in a similar manner,How does '-wise' function differently in 'clockwise' vs. 'otherwise'?,2
SUFFIX,-y,characterized by / inclined to,cloudy,characterized by clouds,How does '-y' informally modify 'sleep' in 'sleepy'?,1
SUFFIX,-zyme,ferment / enzyme,lysozyme,an enzyme that dissolves bacterial walls,"How does '-zyme' connect 'coenzyme,' 'isoenzyme,' and 'abzyme' (an antibody with enzymatic properties)?",7
ROOT,abrogate (Latin),to repeal / to annul formally,abrogation,the formal repeal of a law or treaty,How does 'abrogation' differ from 'derogation' (partial limiting) of a statute?,6
ROOT,accord (Old French/Latin),agreement / harmony,accord and satisfaction,an agreement to accept something different in discharge of a debt,How does 'accord and satisfaction' extinguish an original contractual obligation?,4
ROOT,accrual (Latin),to grow / to be added,accrual accounting,recognizing revenue and expenses when earned or incurred regardless of cash movement,How does 'accrual' accounting differ from 'cash basis' accounting in financial reporting?,4
ROOT,acerb (Latin),harsh / bitter / sharp,acerbic,sharp and forthright in expression or manner,How does 'acerb' connect 'exacerbate' (to make more bitter/harsh) and 'acerbity'?,7
ROOT,acoust (Greek),hearing,acoustics,the science of sound and its properties,How does 'acoust' shape the meaning of 'anacoustic zone' (a region of silence in space)?,5
ROOT,acquisition (Latin),to seek / to acquire,hostile acquisition,a takeover bid opposed by the target company's board,What defensive measures can a target company deploy against a 'hostile acquisition'?,3
ROOT,acquit (Latin),to free / to discharge,acquittal,a jury verdict that the defendant is not guilty,What is the double-jeopardy significance of a formal 'acquittal' at trial?,3
ROOT,acr (Greek),highest / sharp / at the tip,acrobat,one who walks on the tips of the toes / high points,How does 'acr-' shape the meaning of 'acronym' (a word from the tips/first letters)?,4
ROOT,act (Latin),to do / to drive,react,to do something in response,"How does 'act' connect 'action,' 'interact,' and 'transaction'?",1
ROOT,actin (Greek),ray / beam,actinomycete,a ray-shaped fungus-like bacterium,How does 'actin' connect 'actinide' (radioactive elements with ray-like emissions) and 'actinic'?,8
ROOT,actus reus (Latin),the guilty act,actus reus,the physical element of a crime — the prohibited act or omission,How does 'actus reus' combine with 'mens rea' to establish full criminal liability?,5
ROOT,adjudge (Latin/Old French),to decide judicially,adjudge,to pronounce judgment officially upon,How does 'adjudge' relate to 'adjudicate' in formal legal proceedings?,6
ROOT,aero (Greek),air,aerodynamics,the study of how air moves around objects,How does 'aero' shape the meaning of 'aerospace'?,3
ROOT,aesthes (Greek),sensation / feeling,kinaesthesia,the sense of bodily movement and position,How does 'aesthes' connect 'anaesthesia' (without sensation) and 'synesthesia' (joined senses)?,7
ROOT,affidavit (Latin),he/she has stated on oath,affidavit,a written sworn statement of facts,How does 'affidavit' (literally 'he has made oath') create an evidentiary record outside of court?,4
ROOT,aggravation (Latin),to make heavier,aggravated assault,an assault made more serious by use of a weapon or intent to cause serious harm,How does 'aggravation' (making heavier) increase criminal culpability and sentencing?,4
ROOT,agri / agro (Latin/Greek),field / farming,agriculture,the science and practice of farming,How does 'agri' connect 'agriculture' and 'agrarian'?,3
ROOT,alb (Latin),white,albinism,a congenital absence of pigment causing white coloring,How does 'alb' connect 'albedo' (reflective whiteness) and 'album' (originally a white tablet)?,5
ROOT,alienate (Latin),to make foreign / to transfer,alienation of property,the voluntary transfer of ownership of property to another,How does 'alienation' connect the concepts of property transfer and estrangement?,5
ROOT,aliment (Latin),nourishment / food,alimentary,relating to nourishment and the digestive system,"How does 'aliment' shape the meaning of 'alimentation' and 'malnutrition' (same concept, different root)?",5
ROOT,allege (Latin),to dispatch / to assert without proof,allegation,a claim or assertion not yet proven,What is the legal significance of labeling a claim an 'allegation' rather than a finding of fact?,3
ROOT,alter (Latin),other,alternate,to switch between one and the other,How does 'alter' shape the meaning of 'altruism' (concern for the other)?,3
ROOT,alveol (Latin),small pit / hollow,alveolus,a tiny air sac in the lungs where gas exchange occurs,How does 'alveol' connect 'alveolar' (relating to the tooth socket) and 'alveolitis'?,7
ROOT,amb / amble (Latin),to walk,ambulance,a vehicle for those who cannot walk (or walk away),How does 'amb-' (walk) appear in 'preamble' (a walk before)?,4
ROOT,amend (Latin),to correct / to improve,amendment,"a formal change to a law, contract, or constitution",How does 'amend' differ from 'repeal' in the modification of existing legislation?,2
ROOT,amortize (Latin/Greek),to kill off / to extinguish,amortization,the systematic reduction of an intangible asset's value over its useful life,How does 'amortization' of intangibles differ from 'depreciation' of tangible assets?,5
ROOT,amygdal (Greek),almond,amygdala,the almond-shaped brain structure governing emotion and memory,How does 'amygdal' shape the meaning of 'amygdaloid' (almond-shaped)?,7
ROOT,amyl (Greek),starch,amylase,an enzyme that breaks down starch,How does 'amyl' connect 'amyloid' (starch-like protein deposits) and 'amyloplast'?,8
ROOT,anem (Greek),wind,anemometer,an instrument for measuring wind speed,How does 'anem' connect 'anemophily' (wind pollination) and 'anemone' (wind flower)?,5
ROOT,angio (Greek),vessel / container,angiogenesis,the formation of new blood vessels,"How does 'angio' connect 'angiogram,' 'angioplasty,' and 'angiosperms' (plants with enclosed seeds)?",7
ROOT,anim (Latin),life / spirit / mind,animate,to bring to life,"How does 'anim' connect 'animal,' 'inanimate,' and 'unanimous'?",3
ROOT,ann / enn (Latin),year,annual,happening every year,"If 'ann' means year, what does 'centennial' describe?",3
ROOT,annul (Latin),to reduce to nothing,annulment,a judicial declaration that a marriage was void from the beginning,How does 'annulment' differ legally and practically from 'divorce'?,4
ROOT,anthrop (Greek),human being,anthropology,the study of human beings,How does 'anthrop' shape the meaning of 'philanthropist'?,3
ROOT,appeal (Old French/Latin),to call to a higher authority,appeal,a proceeding by which a party seeks review of a lower court's decision,What are the grounds on which a party may bring an appeal of right?,2
ROOT,apportion (Latin),to assign shares to,apportionment,the allocation of liability or fault among multiple defendants,How does comparative fault 'apportionment' differ from the old contributory negligence bar?,5
ROOT,aqu (Latin),water,aquarium,a container for water-dwelling creatures,"How does 'aqu' connect 'aquatic,' 'aquifer,' and 'aqueduct'?",2
ROOT,arbitr (Latin),to judge / to decide,arbitration,a private dispute-resolution process before a neutral arbitrator,How does 'arbitration' differ from 'mediation' in terms of outcome and enforceability?,4
ROOT,arbitrage (French/Latin),to arbitrate / to judge,regulatory arbitrage,exploiting differences in regulatory frameworks across jurisdictions to gain competitive advantage,How does 'regulatory arbitrage' create risks for financial stability?,6
ROOT,arch (Greek),chief / rule / ancient,monarch,a single ruler,"If 'arch' means chief or first, what does 'architect' literally mean?",3
ROOT,archaeo (Greek),ancient / primitive,archaebacteria,the most ancient domain of microorganisms,How does 'archae' shape the meaning of 'Archaean' (the oldest geological eon)?,5
ROOT,arteri (Greek),artery / windpipe,arteriosclerosis,hardening of the arteries,"How does 'arteri' connect 'arterial,' 'arteriotomy,' and 'arteriole'?",6
ROOT,arthr (Greek),joint,arthroscopy,visual examination inside a joint,How does 'arthr' connect 'arthropod' (jointed leg) and 'osteoarthritis'?,5
ROOT,asset (Old French/Latin),enough / sufficient funds,asset stripping,removing valuable assets from an acquired company before its collapse or sale,Why is 'asset stripping' controversial in corporate governance and insolvency law?,2
ROOT,assign (Latin),to mark out / to transfer,assignment,the transfer of contractual rights or property to another party,What restrictions on 'assignment' commonly appear in commercial contracts?,3
ROOT,astro / aster (Greek),star,astronomy,the study of stars and space,"How does 'astro' connect 'astronaut,' 'asteroid,' and 'disaster' (ill-starred)?",2
ROOT,atri (Latin),entrance hall / atrium,atrioventricular,relating to both the atrium and ventricle of the heart,How does 'atri' connect the heart's atrium and the Roman architectural atrium?,6
ROOT,attach (Old French),to seize by legal process,attachment,the legal seizure of property to secure a potential judgment,How does 'attachment' before judgment differ from 'execution' after judgment?,4
ROOT,attest (Latin),to bear witness,attestation,the act of witnessing the signing of a legal instrument,Why is 'attestation' by independent witnesses essential to the validity of a will?,4
ROOT,aud (Latin),to hear,audible,able to be heard,"Knowing 'aud' means 'hear,' what would 'audience' literally mean?",2
ROOT,audit (Latin),he/she has heard,audit opinion,the formal conclusion of an independent auditor on a company's financial statements,What are the four types of 'audit opinion' and what does each signal?,3
ROOT,axon (Greek),axis / axle,axon,the long fiber of a nerve cell that transmits impulses,How does 'axon' connect 'axoneme' (the axle-like core of a flagellum) and 'axoplasm'?,6
ROOT,bacill (Latin),small rod / staff,bacillus,a rod-shaped bacterium,"How does 'bacill' connect 'bacilli' (plural), 'bacilliform,' and 'Bacillus anthracis'?",6
ROOT,bacter (Greek),small staff / rod,bacteriophage,a virus that attacks bacteria,"How does 'bacter' connect 'bactericide,' 'bacteremia' (bacteria in blood), and 'bacteriostasis'?",4
ROOT,bailment (Old French),to deliver / to hand over,bailment,a transfer of possession (not ownership) of goods for a specific purpose,How does 'bailment' differ from a sale or gift in terms of the transfer of legal title?,6
ROOT,balance sheet (French/Latin),a scale / a weighing,off-balance-sheet financing,arrangements structured to keep liabilities off the formal balance sheet,How did 'off-balance-sheet' vehicles contribute to the 2008 financial crisis?,2
ROOT,battery (Old French/Latin),to beat,battery,the intentional unlawful touching of another person,How does 'battery' (actual contact) differ from 'assault' (apprehension of contact)?,4
ROOT,bench (Germanic/Latin),the judge's seat,bench trial,a trial decided by a judge alone without a jury,When might a defendant prefer a 'bench trial' over a jury trial?,2
ROOT,benchmark (Old English/French),a surveyor's mark,benchmark rate,a reference interest rate (such as SOFR) used to price financial instruments,How does the transition from LIBOR to SOFR as a 'benchmark rate' affect floating-rate loans?,3
ROOT,bene (Latin),good / well,beneficial,producing good results,How does the root 'bene' shape the meaning of 'benevolent'?,2
ROOT,bequest (Old English),to leave by will,bequest,a gift of personal property made by will,How does 'bequest' differ from 'devise' (a gift of real property) and 'legacy'?,5
ROOT,bio (Greek),life,biology,the study of life,How does 'bio' shape the meaning of 'antibiotic' (against life of bacteria)?,1
ROOT,blast (Greek),germ / sprout / bud,blastocyst,an early embryonic structure formed by cell division,"How does 'blast' connect 'blastula,' 'neuroblast,' and 'osteoblast'?",6
ROOT,bond (Old English/Germanic),a binding / a tie,junk bond,a high-yield high-risk corporate bond below investment grade,How did 'junk bonds' transform leveraged buyouts in the 1980s?,2
ROOT,botul (Latin),sausage,botulism,a dangerous toxin originally found in spoiled sausages,How does knowing the root 'botul' help explain both the disease name and 'Botox'?,8
ROOT,brachi (Latin),arm,brachial,relating to the arm,"How does 'brachi' connect 'brachialis muscle,' 'brachiosaurus' (arm lizard), and 'brachiation'?",6
ROOT,breach (Old English/Germanic),a breaking,breach of contract,the failure to perform a contractual obligation without lawful excuse,What are the remedies available to an innocent party for 'breach' of a commercial contract?,3
ROOT,bronch (Greek),windpipe,bronchiole,a small branch of the bronchi in the lung,"How does 'bronch' connect 'bronchitis,' 'bronchodilator,' and 'bronchoscopy'?",5
ROOT,caecum (Latin),blind / blind end,caecum (cecum),the blind pouch at the start of the large intestine,How does 'caecum' connect to 'caecilian' (a blind limbless amphibian) and 'caecal'?,7
ROOT,calc (Latin),heel / limestone,calcaneus,the heel bone,How does 'calc' differentiate between 'calcium' (from limestone) and 'calcaneal' (heel-related)?,5
ROOT,callus (Latin),hardened skin,callus,a thickened area of skin from repeated friction,How does 'callus' connect 'callous' (emotionally hardened) and 'callosity'?,5
ROOT,cap / cep / cip (Latin),to take / to seize,capture,to take hold of something,"How does 'cap' connect 'capable,' 'receptive,' and 'anticipate'?",4
ROOT,capias (Latin),that you take / seize,capias warrant,a court order directing an officer to arrest a named person,How does 'capias' function in modern civil and criminal enforcement proceedings?,8
ROOT,capill (Latin),hair,capillary,a very fine hair-like blood vessel,How does 'capill' connect 'capillarity' (hair-fine liquid movement) and 'capillus'?,6
ROOT,capital (Latin),head / principal sum,working capital,the difference between a company's current assets and current liabilities,Why is 'working capital' management critical to a company's short-term liquidity?,2
ROOT,carcin (Greek),crab / cancer,carcinogenesis,the process by which normal cells become cancerous,How does 'carcin' (crab / cancer) connect 'carcinoma' and the zodiac sign Cancer?,6
ROOT,carp (Greek),fruit / wrist,carpel,the female reproductive part of a flower (fruit-bearing),How does 'carp' mean both 'fruit' in 'carpel' and 'wrist' in 'carpal tunnel'?,6
ROOT,cartel (Italian/Latin),a charter / a letter,price-fixing cartel,an agreement among competitors to set prices at an artificially high level,Why do competition authorities treat 'price-fixing cartels' as the most serious antitrust violation?,5
ROOT,caudal (Latin),tail,caudal,relating to or directed toward the tail end,How does 'caudal' connect 'caudate nucleus' (tail-shaped brain structure) and 'caudex'?,5
ROOT,caveat (Latin),let him beware,caveat emptor,let the buyer beware — the buyer must satisfy themselves about a purchase,How has 'caveat emptor' been eroded by modern consumer protection legislation?,5
ROOT,ced / cede / cess (Latin),to go / to yield,proceed,to go forward,How does 'cede' explain the meaning of 'concede' (to go together / yield together)?,3
ROOT,cent (Latin),hundred,century,a period of one hundred years,"If 'cent' means hundred, what does 'percent' literally mean?",2
ROOT,cereb (Latin),brain,cerebellar,relating to the cerebellum,"How does 'cereb' connect 'cerebrum,' 'cerebral cortex,' and 'cerebrospinal fluid'?",5
ROOT,certiorari (Latin),to be informed / to be made certain,writ of certiorari,a discretionary writ by which a higher court calls up the record of a lower court,What criteria does the U.S. Supreme Court use in deciding whether to grant 'certiorari'?,7
ROOT,cervic (Latin),neck,cervical,relating to the neck (or the neck of the uterus),How does 'cervic' shape the meaning of 'cervicitis' and 'cervicogenic headache'?,6
ROOT,chattel (Old French/Latin),movable property,chattel mortgage,a security interest in personal (movable) property,How does 'chattel' (movable property) contrast with 'real property' in property law?,6
ROOT,chelat (Greek),claw,chelate,a compound where a metal ion is gripped by a claw-like organic molecule,How does 'chelat' connect 'chelation therapy' and 'chelicerae' (claw-like mouthparts)?,8
ROOT,chimera (Greek),fire-breathing monster / hybrid,chimera,an organism with two or more genetically distinct cell populations,How does 'chimera' connect the mythological creature and the biological/genetic term?,6
ROOT,chitin (Greek),tunic / covering,chitin,the structural polysaccharide forming insect exoskeletons,How does 'chitin' relate to 'chitosan' and the protective coverings of arthropods?,8
ROOT,chole (Greek),bile,cholesterol,a fatty substance transported via bile (solid bile),"How does 'chole' connect 'cholecystitis' (inflamed gallbladder), 'cholelithiasis,' and 'cholera'?",6
ROOT,chrom (Greek),color,chromosome,a colored body (visible when stained),How does 'chrom' shape the meaning of 'monochrome'?,4
ROOT,chron (Greek),time,chronological,arranged in order of time,"If 'chron' means time, what does 'synchronize' mean? Break it down.",2
ROOT,cide (Latin),to kill,suicide,killing of oneself,"How does 'cide' connect 'genocide,' 'homicide,' and 'insecticide'?",4
ROOT,cili (Latin),eyelid / hair,cilia,tiny hair-like projections on cells for movement or sensing,"How does 'cili' connect 'ciliary muscle' (in the eye), 'supercilious' (raising an eyebrow), and 'ciliated epithelium'?",6
ROOT,circ (Latin),ring / circle,circus,a ring / circular performance area,How does 'circ' shape the meaning of 'circuit' (going around a ring)?,2
ROOT,circadi (Latin),about a day,circadian,relating to biological processes on a roughly 24-hour cycle,How does 'circa' (about) + 'dies' (day) combine to explain the meaning of 'circadian rhythm'?,6
ROOT,civ (Latin),citizen,civilization,the development of human civic society,"How does 'civ' connect 'civil,' 'civilian,' and 'civic'?",2
ROOT,civil (Latin),citizen / relating to citizens,civil liability,legal responsibility to a private party (as opposed to criminal liability to the state),How does 'civil' liability differ from 'criminal' liability in terms of standard of proof and remedy?,1
ROOT,claim (Latin/Old French),to call out / to demand,counterclaim,a claim brought by the defendant against the plaintiff in the same action,How does a 'counterclaim' procedurally differ from a separate action?,1
ROOT,clud / clus (Latin),to close / to shut,include,to close in / bring within,How does 'clud' explain 'exclude' (to shut out) vs. 'include' (to shut in)?,4
ROOT,codon (Greek),bell / unit of code,codon,a sequence of three nucleotides coding for an amino acid,How does 'codon' connect 'anticodon' and the genetic code?,8
ROOT,coerce (Latin),to restrain / to compel,coercion,the use of threats or force to compel a person to act contrary to their will,How does 'coercion' (duress) vitiate consent and affect contractual validity?,4
ROOT,cogn (Latin),to know,recognize,to know again,How does 'cogn' shape the meaning of 'incognito' (in an unknown state)?,4
ROOT,collagen (Greek),glue-producing,collagen,the most abundant structural protein in the body,How does 'colla' (glue) + 'gen' (producing) explain collagen's role in connective tissue?,5
ROOT,collateral (Latin),side by side / additional security,collateral agreement,a separate agreement made alongside the main contract,How does 'collateral' security reduce credit risk for lenders?,4
ROOT,comity (Latin),courtesy,comity of nations,the recognition and enforcement of another jurisdiction's laws and judgments,Why does 'comity' allow courts to recognize foreign judgments even without a treaty obligation?,7
ROOT,commodity (Latin),convenience / advantage / goods,commodity futures,a contract to buy or sell a commodity at a fixed price on a future date,How do 'commodity futures' allow producers to hedge against price volatility?,3
ROOT,compel (Latin),to drive together / to force,compellability,the quality of being legally obliged to give evidence when summoned,What categories of witness are exempt from 'compellability' in criminal proceedings?,3
ROOT,compensat (Latin),to weigh together / to make up for,compensatory damages,damages intended to restore the claimant to their pre-breach position,How do 'compensatory' damages differ from 'punitive' damages in purpose and calculation?,3
ROOT,competence (Latin),to be capable / to meet together,competence,the legal capacity of a court to hear a matter or a witness to testify,How does 'competence' (capacity to testify) differ from 'compellability' (obligation to testify)?,3
ROOT,competition (Latin),to seek together,predatory pricing,setting prices so low as to drive competitors from the market,How does 'predatory pricing' violate competition law while benefiting consumers in the short term?,2
ROOT,compliance (Latin),to fulfil / to complete,compliance program,a structured system to ensure adherence to legal and regulatory requirements,What are the essential elements of an effective corporate 'compliance program'?,3
ROOT,condone (Latin),to give leave / to forgive,condonation,the implied forgiveness of a matrimonial offense by the innocent spouse,How did 'condonation' historically function as a defense to divorce petitions?,5
ROOT,condyle (Greek),knuckle / rounded knob,condyle,a rounded bony protrusion that forms a joint,How does 'condyle' shape the meaning of 'condylar fracture' and 'epicondyle'?,8
ROOT,consideration (Latin),to examine / to think carefully,consideration,something of value exchanged to make a contract binding,Why is 'consideration' essential to common-law contract formation?,4
ROOT,consolidat (Latin),to make firm together,consolidation,the combining of multiple actions or companies into one,How does 'consolidation' of cases promote judicial efficiency under civil procedure rules?,3
ROOT,consortium (Latin),partnership / sharing,consortium bid,a joint bid submitted by multiple parties acting together,What liability and governance arrangements govern a 'consortium' in a joint venture?,5
ROOT,constructive (Latin),to build / to construct,constructive notice,notice that the law imputes to a party whether or not they have actual knowledge,How does 'constructive' trust differ from an 'express' trust in equity?,4
ROOT,contempt (Latin),to despise / to scorn,contempt of court,willful disobedience of or disrespect toward the authority of a court,What conduct constitutes 'contempt' and what are the available sanctions?,3
ROOT,contract (Latin),to draw together,contract of adhesion,a standard-form contract offered on a take-it-or-leave-it basis,How do courts treat ambiguous terms in 'contracts of adhesion'?,2
ROOT,convene (Latin),to come together,annual general meeting (AGM),the yearly meeting at which shareholders exercise governance rights,What items of business must by law be conducted at an 'AGM'?,3
ROOT,convey (Latin/Old French),to bring together / to transport,conveyance,the legal transfer of title to real property from one person to another,What documents are required to effect a valid 'conveyance' of land?,4
ROOT,corp (Latin),body,corporation,a body of people acting as one entity,"How does 'corp' connect 'corpse,' 'corporal,' and 'incorporate'?",3
ROOT,corporation (Latin),a body,closely held corporation,a corporation with a small number of shareholders often involved in management,How do 'closely held corporation' agreements restrict share transfer to maintain control?,2
ROOT,corpus (Latin),body / mass,corpus callosum,the large body of nerve fibers connecting the brain hemispheres,"How does 'corpus' connect 'corpuscle' (little body), 'corporation,' and 'corpulent'?",4
ROOT,corpus (Latin),body,corpus juris,the body of law of a legal system,How does 'corpus juris' differ from a single statute in the hierarchy of legal authority?,4
ROOT,cortex (Latin),bark / outer layer,cortical,relating to the cortex (outer layer),"How does 'cortex' connect 'cortisol' (from the adrenal cortex), 'neocortex,' and 'decorticate'?",5
ROOT,cosm (Greek),world / universe / order,cosmopolitan,belonging to the whole world,How does 'cosm' shape the meaning of 'cosmos' and 'microcosm'?,4
ROOT,covenant (Old French/Latin),to agree together,restrictive covenant,an agreement that restricts the use of land for the benefit of neighboring land,How does a 'restrictive covenant' run with the land and bind successors in title?,5
ROOT,covenant (Old French/Latin),to agree together,financial covenant,a contractual promise in a loan agreement maintaining specified financial ratios,What remedies are available to lenders when a borrower breaches a 'financial covenant'?,5
ROOT,cranium (Greek/Latin),skull / helmet,intracranial,situated within the skull,"How does 'cranium' connect 'craniotomy,' 'cranial nerves,' and 'neurocranium'?",5
ROOT,cred (Latin),to believe / to trust,credible,able to be believed,"How does 'cred' connect 'credit,' 'incredible,' and 'credentials'?",2
ROOT,credit (Latin),belief / trust,letter of credit,a bank's undertaking to pay a seller on presentation of specified documents,"How does a 'letter of credit' allocate risk between buyer, seller, and bank in trade finance?",2
ROOT,crepitus (Latin),a rattling / crackling sound,crepitation,a crackling sound in joints or lungs,How does 'crepitus' shape the meaning of 'crepuscular' (relating to the creaking/dim twilight)?,9
ROOT,culp (Latin),blame / fault,culprit,a person at fault,How does 'culp' shape the meaning of 'exculpate' (to free from blame)?,5
ROOT,culpa (Latin),fault / blame,culpable homicide,a killing that is blameworthy but may not amount to murder,How does 'culpability' grade criminal offenses from negligence to intentional wrongdoing?,6
ROOT,curr / curs (Latin),to run,current,running / flowing at this moment,"How does 'curr' connect 'cursor,' 'currency,' and 'occur'?",3
ROOT,currency (Latin),running / circulation,currency risk,the risk that exchange-rate movements will adversely affect the value of a transaction,How do forward contracts hedge 'currency risk' in international trade?,2
ROOT,cusp (Latin),point / tip,bicuspid,having two points (as in a bicuspid tooth or valve),"How does 'cusp' connect 'tricuspid valve,' 'cuspidor,' and 'cuspidate' (pointed)?",6
ROOT,cutis (Latin),skin,subcutaneous,situated beneath the skin,"How does 'cutis' connect 'cuticle,' 'cutaneous,' and 'integument'?",6
ROOT,dactylo (Greek),finger / date (fruit),pterodactyl,a flying reptile with a winged finger,How does 'dactylo' connect 'dactylology' (finger language / sign language) and 'polydactyly'?,8
ROOT,damages (Latin/Old French),loss / harm,liquidated damages,a pre-agreed sum payable on breach of contract,How do 'liquidated damages' clauses differ from unenforceable 'penalty' clauses?,2
ROOT,debt (Latin),something owed,debt service,the cash required to cover repayment of interest and principal on a loan,How does 'debt service coverage ratio' measure a borrower's ability to service its obligations?,1
ROOT,dec (Latin),ten,decade,a period of ten years,"If 'dec' means ten, what does 'decimal' describe?",2
ROOT,deceit (Latin/Old French),to deceive,deceit,the tort of making a false representation with intent to defraud,What are the elements a claimant must prove in an action for 'deceit'?,4
ROOT,deed (Old English),an act / a thing done,deed poll,a deed executed by one party only (used to change a name),How does a 'deed' create stronger obligations than a simple contract under common law?,3
ROOT,defamation (Latin),to damage reputation,defamation per se,statements so harmful that damage is presumed without proof,How does 'libel' (written defamation) differ from 'slander' (spoken defamation) in terms of actionability?,4
ROOT,default (Old French/Latin),failure / neglect,default judgment,a judgment entered against a party who fails to appear or respond,What steps may a defendant take to set aside a 'default' judgment?,3
ROOT,default (Old French/Latin),failure,event of default,a specified trigger event allowing a lender to accelerate a loan and demand immediate repayment,What is the difference between a 'technical default' and a 'payment default'?,3
ROOT,delegate (Latin),to send away / to assign,delegation,the transfer of a duty to perform to a third party,When can contractual duties be 'delegated' and when is personal performance required?,3
ROOT,deltoid (Greek),shaped like the letter delta,deltoid,a triangular muscle of the shoulder,How does 'deltoid' connect the Greek letter Delta and the deltoid muscle's shape?,5
ROOT,dem (Greek),people,democracy,rule by the people,How does 'dem' connect 'epidemic' (upon the people) and 'demographic'?,2
ROOT,demurrer (Latin/Old French),to remain / to stay,demurrer,a pleading objecting that even if the facts are true the claim is legally insufficient,How does a 'demurrer' function as a motion to dismiss in common-law pleading?,8
ROOT,dendrite (Greek),tree-like,dendrite,a branching extension of a nerve cell receiving signals,"How does 'dendr' connect 'dendrochronology,' 'rhododendron' (rose tree), and 'philodendron'?",6
ROOT,dens / dentin (Latin),tooth,dentin,the hard calcified tissue beneath tooth enamel,"How does 'dens' connect 'dental,' 'dentition,' and 'trident' (three-toothed)?",5
ROOT,dent / dont (Latin/Greek),tooth,dentist,one who works with teeth,How does 'dent' shape the meaning of 'indent' (to put a tooth-like notch into)?,3
ROOT,depose (Latin/Old French),to put down / to remove from power,deposition,out-of-court sworn testimony recorded for use at trial,How does a 'deposition' during discovery differ from testimony at trial?,4
ROOT,depreciation (Latin),to lower the value,accelerated depreciation,writing off an asset faster than the straight-line method for tax or accounting purposes,How does 'accelerated depreciation' create a timing difference between book and tax profit?,4
ROOT,derivative (Latin),to lead away / to derive from,derivative instrument,"a financial contract whose value derives from an underlying asset, rate, or index",How does a 'derivative' like an interest rate swap transfer risk between counterparties?,5
ROOT,derm (Greek),skin,epidermis,the outer layer of skin,How does 'derm' shape the meaning of 'dermatology'?,4
ROOT,devise (Latin/Old French),to divide / to give by will,devise,a gift of real property made by will,How does 'devise' (real property by will) differ from 'bequest' (personal property by will)?,6
ROOT,diaphysis (Greek),growth through,diaphysis,the shaft of a long bone,How does 'dia-' (through) + 'physis' (growth) explain the bone's developmental role?,9
ROOT,diastole (Greek),to dilate / expand,diastole,the phase of the heart cycle when it relaxes and fills with blood,How does 'diastole' contrast with 'systole' (the contraction phase)?,7
ROOT,dict (Latin),to say / to tell,predict,to say beforehand,"Using 'dict' (to say), explain the meaning of 'contradict.'",2
ROOT,dictum (Latin),something said,obiter dictum,a statement made by a judge that is not essential to the decision,How does 'dictum' (something said in passing) lack the precedential force of ratio decidendi?,5
ROOT,dilatory (Latin),causing delay,dilatory plea,a plea intended to delay proceedings rather than address the merits,How does the court control 'dilatory' tactics through case management powers?,7
ROOT,diligence (Latin),careful attention,due diligence,a thorough investigation of a business or asset before a transaction,What areas does legal 'due diligence' typically cover in a corporate acquisition?,3
ROOT,dilution (Latin),to thin / to dissolve,dilution of equity,the reduction in existing shareholders' ownership percentage when new shares are issued,How do 'anti-dilution' provisions protect early investors in venture capital financings?,5
ROOT,diploid (Greek),double,diploid,having two sets of chromosomes (one from each parent),How does 'diplo' connect 'diploma' (a folded double document) and 'diplomat'?,7
ROOT,discharge (Old French/Latin),to unload / to free from obligation,discharge of contract,"the termination of contractual obligations by performance, agreement, or law",In what ways other than full performance may a contract be lawfully 'discharged'?,3
ROOT,disclosure (Latin/Old French),to open up / to reveal,continuous disclosure,the ongoing obligation of a listed company to announce material information to the market,Why does 'continuous disclosure' reduce information asymmetry between issuers and investors?,3
ROOT,discount (Latin/Old French),to reckon off / to deduct,discounted cash flow (DCF),a valuation method calculating the present value of projected future cash flows,What assumptions drive a 'DCF' valuation and what are the main sources of uncertainty?,3
ROOT,discovery (Latin/Old French),to uncover / to reveal,discovery,the pre-trial process of exchanging evidence between parties,How does 'discovery' promote settlement and prevent trial by ambush?,3
ROOT,dissolution (Latin),to loosen apart,voluntary dissolution,a company's own decision to wind up and distribute assets to shareholders,How does 'voluntary dissolution' differ from 'compulsory winding up' ordered by a court?,4
ROOT,dividend (Latin),to divide,franked dividend,"a dividend paid out of profits already taxed at the corporate level, carrying a tax credit",How does 'dividend imputation' (franked dividends) eliminate double taxation of corporate profits?,3
ROOT,domicile (Latin),home / dwelling,domicile,the place a person treats as their permanent home and to which they intend to return,How does 'domicile' differ from 'residence' and why does it matter for jurisdiction and succession?,5
ROOT,dower (Old French/Latin),gift / endowment,dower right,a widow's common-law right to a life estate in one-third of her husband's land,How has 'dower' been reformed or abolished in modern matrimonial property law?,8
ROOT,duc / duct (Latin),to lead,educate,to lead out (knowledge from within),"How does 'duc' connect 'conduct,' 'deduce,' and 'aqueduct'?",3
ROOT,due diligence (Latin),careful attention / duty,vendor due diligence,a report on a business commissioned by the seller rather than the buyer,What are the advantages and limitations of relying on 'vendor due diligence' as a buyer?,3
ROOT,duodenum (Latin),twelve,duodenum,the first section of the small intestine (twelve finger-widths long),How does 'duoden' literally describe the length of the duodenum?,6
ROOT,dura (Latin),hard,dura mater,the tough outer membrane surrounding the brain and spinal cord,"How does 'dura' connect 'durable,' 'endure,' and 'duress'?",5
ROOT,duress (Latin),hardship / compulsion,economic duress,illegitimate commercial pressure used to coerce a party into a contract,How does 'duress' vitiate contractual consent and what remedies are available?,5
ROOT,dyn (Greek),power / force,dynamite,an explosive with great force,How does 'dyn' shape the meaning of 'dynamic' and 'dynasty'?,4
ROOT,dynamo (Greek),power,dynamometer,an instrument for measuring mechanical power or force,"How does 'dynamo' connect 'aerodynamic,' 'hydrodynamics,' and 'thermodynamics'?",5
ROOT,earnest (Old English/French),pledge / deposit,earnest money,a deposit paid to demonstrate seriousness and secure a contract,How does 'earnest money' function differently from a full purchase-price deposit?,5
ROOT,easement (Old French/Latin),ease / relief,easement of way,the right to cross another person's land,How does an 'easement' differ from a license in terms of enforceability against successors?,5
ROOT,efferent (Latin),to carry outward,efferent,carrying impulses or fluids away from a center,How does 'efferent' contrast with 'afferent' (carrying toward a center)?,7
ROOT,ego (Latin/Greek),self / I,egotist,one who is excessively self-centered,How does 'ego' shape the meaning of 'egocentric'?,2
ROOT,elastin (Greek),to drive / to push,elastin,a protein providing elasticity to tissues,How does 'elastin' shape the meaning of 'elastase' (the enzyme that degrades it)?,8
ROOT,embargo (Spanish/Latin),to bar / to obstruct,trade embargo,a government order prohibiting trade with a specified country,How does an 'export embargo' differ from an 'import embargo' in its economic effect?,4
ROOT,eminent domain (Latin),supreme dominion,eminent domain,the state's power to take private property for public use upon payment of compensation,What does 'just compensation' mean in the context of 'eminent domain'?,5
ROOT,encephal (Greek),within the head / brain,encephalitis,inflammation of the brain,"How does 'encephal' connect 'encephalogram,' 'hydrocephalus,' and 'encephalopathy'?",6
ROOT,encumber (Old French/Latin),to burden / to load,encumbrance search,a search of public registers to identify charges and other encumbrances on property,How does an 'encumbrance' on title affect a purchaser's ability to obtain mortgage financing?,5
ROOT,encumbrance (Old French/Latin),a burden / a hindrance,encumbrance,"a charge, lien, or liability attached to property limiting free use",How does a mortgage operate as an 'encumbrance' on the title to real property?,5
ROOT,enterprise (Old French/Latin),to undertake / to take between,enterprise value (EV),"the total value of a business including debt, equity, and minority interests",How does 'enterprise value' differ from 'equity value' in a business acquisition?,3
ROOT,enzyme (Greek),in leaven / within yeast,enzyme,a biological catalyst that speeds up reactions inside cells,How does 'enzyme' (en + zyme — in yeast) reflect its discovery in fermentation?,4
ROOT,epistem (Greek),to know / to stand upon,epistemology,the branch of philosophy studying the nature and scope of knowledge,How does 'epistem' shape the meaning of 'epistemic' and 'episteme'?,6
ROOT,equity (Latin),fairness / equal dealing,equitable remedy,"a remedy developed by courts of equity (e.g., injunction, specific performance)",How does 'equity' supplement the common law where strict legal rules produce an unjust result?,3
ROOT,equity (Latin),fairness / ownership share,equity kicker,a right given to a lender to acquire equity in the borrower as additional compensation,Why do mezzanine lenders commonly negotiate an 'equity kicker' alongside their debt?,3
ROOT,err (Latin),to wander / to make a mistake,error,a mistake,How does 'err' connect 'erratic' (wandering unpredictably) and 'errant'?,3
ROOT,escrow (Old French/Germanic),a scroll / a roll held in reserve,escrow,a deposit held by a neutral third party pending fulfilment of conditions,How does 'escrow' protect both buyer and seller in a real-estate transaction?,5
ROOT,escrow (Old French/Germanic),a scroll held in trust,escrow account,a bank account held by a neutral third party to hold funds pending completion of conditions,How does an 'escrow account' reduce counterparty risk in merger and acquisition transactions?,5
ROOT,estoppel (Old French),to stop up / to bar,promissory estoppel,a doctrine preventing a party from going back on a promise relied upon by another,How does 'estoppel' operate as an equitable shield and sword in contract disputes?,6
ROOT,eviction (Latin),to overcome / to expel,constructive eviction,a landlord's conduct that so impairs a tenant's enjoyment as to force them to leave,How does 'constructive eviction' differ from physical eviction as a tenant remedy?,3
ROOT,evidence (Latin),to make clear / to show,admissible evidence,evidence that a court may properly consider under the rules of evidence,What is the difference between 'relevant' evidence and 'admissible' evidence?,2
ROOT,execution (Latin),to follow out / to carry through,execution of judgment,the enforcement of a court judgment — typically seizing assets to satisfy a debt,How does 'execution' of a judgment differ from 'enforcement' of an arbitration award?,3
ROOT,expropriation (Latin),to take from one's own,expropriation,"the taking of private property by a state, with or without compensation",How does 'expropriation' under public international law trigger a right to compensation?,6
ROOT,extradition (Latin),to deliver up / to hand over,extradition treaty,a bilateral agreement obliging states to return fugitives to the requesting state,"What defenses may a person resist 'extradition' on, including political offense exceptions?",5
ROOT,fac / fec / fic (Latin),to make / to do,factory,a place where things are made,"How does 'fac' connect 'manufacture,' 'affect,' and 'fiction'?",4
ROOT,fascia (Latin),band / bundle / layer,fasciotomy,a surgical cut into the fascia to relieve pressure,How does 'fascia' connect 'fascicle' (a small bundle) and 'fasciation' (abnormal flattening into a band)?,6
ROOT,femur (Latin),thigh,femoral,relating to the femur or thigh,How does 'femur' connect 'femoral artery' and 'bifemoral' (involving both thighs)?,4
ROOT,fenestra (Latin),window,fenestration,the surgical creation of a new opening (window),How does 'fenestra' connect 'defenestration' (throwing out a window) and 'fenestrated capillaries'?,7
ROOT,fer (Latin),to carry / to bear / to bring,transfer,to carry across,"How does 'fer' connect 'fertile,' 'differ,' and 'infer'?",3
ROOT,ferment (Latin),to boil / to leaven,fermentation,the metabolic process of breaking down sugars without oxygen,How does 'ferment' connect 'enzyme' (discovered in fermentation) and 'fermentor'?,4
ROOT,fibula (Latin),clasp / pin,fibula,the slender outer bone of the lower leg (shaped like a clasp),How does 'fibula' connect the anatomical bone and the Roman 'fibula' clothing pin?,6
ROOT,fid (Latin),faith / trust,confident,having strong trust in oneself,How does 'fid' shape the meaning of 'fidelity' and 'infidel'?,4
ROOT,fiduciary (Latin),trust / faith,fiduciary duty,the highest duty of loyalty and care owed by one person to another,Who owes a 'fiduciary duty' and what specific obligations does it impose?,5
ROOT,fiduciary (Latin),trust / faith,fiduciary duty of directors,the duty of a company director to act in the best interests of the company and its shareholders,How does the 'business judgment rule' protect directors who exercise their 'fiduciary duty' in good faith?,5
ROOT,fin (Latin),end / limit / boundary,final,relating to the end,"How does 'fin' connect 'finish,' 'infinite,' and 'define'?",2
ROOT,flagellum (Latin),whip,flagellate,an organism that moves using a whip-like flagellum,How does 'flagellum' connect 'flagellation' (whipping) and 'flagellar motor'?,7
ROOT,flect / flex (Latin),to bend,reflect,to bend back (light or thought),How does 'flex' explain the meaning of 'flexible'?,4
ROOT,float (Old English/Germanic),to drift / to launch,free float,the proportion of a company's shares available for public trading on a stock exchange,How does a larger 'free float' improve a company's market liquidity and index eligibility?,4
ROOT,floccul (Latin),a tuft of wool / flake,flocculation,the clumping of fine particles into fluffy clusters,How does 'floccul' connect 'flocculant' and 'flocculonodular lobe' (a wool-tuft-like brain region)?,9
ROOT,flu / flux (Latin),to flow,fluent,flowing smoothly in speech,"How does 'flu' connect 'fluid,' 'influence' (to flow into), and 'influx'?",4
ROOT,foramen (Latin),opening / hole,foramen magnum,the large opening at the base of the skull,How does 'foramen' connect 'foraminifera' (holed organisms) and 'intervertebral foramen'?,8
ROOT,foreseeability (Latin/Old French),to see in advance,reasonable foreseeability,the test for whether a defendant could have anticipated the type of harm caused,How does 'foreseeability' limit the scope of liability in negligence?,4
ROOT,forfeit (Old French/Latin),to commit an offense / to lose,forfeiture,the loss of a right or property as a penalty for a legal violation,How does civil 'forfeiture' of assets differ from criminal 'forfeiture' following conviction?,4
ROOT,form (Latin),shape,transform,to change shape,How does 'form' shape the meaning of 'conform' (to shape along with others)?,2
ROOT,fort (Latin),strength / strong,fortify,to make strong,"How does 'fort' connect 'fortress,' 'effort,' and 'comfort'?",2
ROOT,fovea (Latin),a small pit,fovea centralis,the central pit in the retina with highest visual acuity,How does 'fovea' connect 'foveola' (a tiny pit) and 'foveal vision'?,8
ROOT,fract / frag (Latin),to break,fracture,a break in a bone or object,How does 'fract' connect 'fraction' (a broken part) and 'fragment'?,3
ROOT,franchise (Old French/Latin),freedom / liberty,master franchise,a franchise agreement granting the right to sub-franchise in an entire territory,How does a 'master franchise' arrangement differ from a direct franchise model?,3
ROOT,fraud (Latin),deceit / trickery,fraud on the court,deliberate deception of a judicial tribunal to obtain a favorable result,What distinguishes 'fraud' (intentional misrepresentation) from 'negligent misrepresentation'?,3
ROOT,frustration (Latin),to deceive / to make useless,frustration of contract,the discharge of a contract when an unforeseen event makes performance impossible,How does 'frustration' differ from 'force majeure' as a basis for non-performance?,5
ROOT,fug (Latin),to flee,refugee,one who flees for safety,How does 'fug' shape the meaning of 'fugitive'?,5
ROOT,fungible (Latin),to perform / to use up,fungible goods,goods of a kind where any unit is interchangeable with any other unit,Why must custodians of 'fungible assets' maintain appropriate segregation records?,7
ROOT,fus (Latin),to pour / to melt,transfusion,a pouring of blood across into another,How does 'fus' connect 'confuse' (poured together) and 'diffuse'?,4
ROOT,gamete (Greek),spouse / to marry,gametogenesis,the formation of gametes (sex cells),How does 'gamete' connect 'syngamy' (fusion of gametes) and 'gametophyte'?,5
ROOT,gangli (Greek),knot / mass,ganglion,a cluster of nerve cell bodies outside the brain and spinal cord,How does 'gangli' connect 'basal ganglia' and 'ganglioside' (a lipid in nerve tissue)?,7
ROOT,garnish (Old French/Germanic),to warn / to garnish,garnishment,a court order directing a third party to hold a debtor's assets to satisfy a judgment,How does 'garnishment' of wages operate as a debt-enforcement mechanism?,6
ROOT,gelatin (Latin),to freeze / to congeal,gelatinous,having the consistency of jelly (congealed),"How does 'gelatin' connect 'gel,' 'gelato,' and 'gelignite' (a jelly-like explosive)?",4
ROOT,gen (Greek/Latin),birth / race / origin / produce,generate,to produce or create,"How does 'gen' connect 'gene,' 'generation,' and 'genius'?",2
ROOT,geo (Greek),earth,geography,the study of the earth's features,How does 'geo' shape the meaning of 'geology' and 'geothermal'?,1
ROOT,gest (Latin),to carry / to bear,gesture,a motion that carries meaning,How does 'gest' connect 'ingest' (carry in) and 'digest'?,4
ROOT,gingiva (Latin),gum (of the mouth),gingivitis,inflammation of the gums,How does 'gingiva' connect 'gingival recession' and 'periodontal' (relating to the same structures)?,7
ROOT,glial (Greek),glue,gliosis,a proliferation of glial cells in response to brain injury,How does 'glia' (glue) describe the supporting role of glial cells in the nervous system?,7
ROOT,glomus (Latin),ball of yarn / cluster,glomerulus,a tiny cluster of capillaries in the kidney,How does 'glomus' connect 'agglomerate' (to cluster into a ball) and 'conglomerate'?,8
ROOT,glucagon (Greek),sweet + to lead,glucagon,a hormone that leads to glucose release (raises blood sugar),How does 'gluca-' (sweet/glucose) + '-agon' (to lead/drive) describe glucagon's action?,7
ROOT,glycogen (Greek),sweet-producing,glycogenolysis,the breakdown of glycogen to release glucose,How does 'glyco-' (sweet) + '-gen' (producing) describe glycogen's role as a sugar store?,6
ROOT,gonad (Greek),seed / generation,gonadotropin,a hormone stimulating the gonads,How does 'gonad' connect 'gonadogenesis' and the hormones FSH and LH?,5
ROOT,good faith (Latin/Old English),honest intention / bona fides,good faith dealing,the obligation to act honestly and not to frustrate the other party's contractual expectations,Is there a general duty of 'good faith' in common-law contracts or only in specific contexts?,3
ROOT,goodwill (Old English),favorable disposition,goodwill impairment,a write-down of goodwill when its carrying value exceeds its recoverable amount,Why is 'goodwill impairment' testing controversial in financial reporting?,3
ROOT,grad / gress (Latin),step / go,progress,to step forward,How does 'grad' explain 'gradual' (step by step) and 'graduate'?,3
ROOT,gram (Greek),something written,telegram,a message written at a distance,"How does 'gram' connect 'diagram,' 'grammar,' and 'monogram'?",2
ROOT,grantor (Latin/Old French),one who grants,grantor trust,a trust where the grantor retains sufficient control to be treated as owner for tax purposes,How does 'grantor' status affect the tax treatment of income earned by a trust?,5
ROOT,granul (Latin),small grain,granulocyte,a white blood cell with granule-filled cytoplasm,How does 'granul' connect 'granuloma' (a grain-like inflammatory mass) and 'granulation tissue'?,5
ROOT,graph (Greek),to write / to draw,autograph,one's own signature/writing,What does 'graph' tell you about the word 'biography'?,1
ROOT,grat (Latin),pleasing / thankful,gratitude,thankfulness,How does 'grat' shape the meaning of 'gratify' and 'congratulate'?,3
ROOT,grav (Latin),heavy,gravity,the force that pulls heavy objects down,How does 'grav' connect 'grave' (serious/heavy) and 'aggravate'?,4
ROOT,gravid (Latin),heavy / pregnant,gravida,a pregnant woman,How does 'gravid' connect 'gravidity' (state of being pregnant) and 'multigravida'?,7
ROOT,greg (Latin),flock / herd / group,congregate,to gather into a group,How does 'greg' shape the meaning of 'segregate' (to separate from the group)?,5
ROOT,guaranty (Old French/Germanic),a pledge / a warranty,guaranty,a secondary obligation to answer for the debt of another if they default,How does a 'guaranty' differ from an 'indemnity' in terms of when liability arises?,5
ROOT,gyrus (Greek/Latin),circle / ring,gyrus,a fold or ridge on the surface of the brain,How does 'gyrus' connect 'gyrencephalic' (having a folded brain) and 'gyromagnetic'?,8
ROOT,hab / hib (Latin),to have / to hold,inhabit,to hold/live in a place,How does 'hab' connect 'habit' (what one holds to) and 'habitat'?,4
ROOT,habeas corpus (Latin),you shall have the body,writ of habeas corpus,a court order requiring that a detained person be brought before the court to examine the lawfulness of detention,How does 'habeas corpus' function as a safeguard against unlawful executive detention?,4
ROOT,hallux (Latin),big toe,hallux valgus,a deformity where the big toe turns outward (bunion),How does 'hallux' connect 'hallucal' (relating to the big toe) and 'pollex' (thumb — the analogous digit)?,8
ROOT,hapten (Greek),to fasten / to grasp,hapten,a small molecule that triggers an immune response when bound to a protein,How does 'hapten' relate to 'haptoglobin' (a protein that fastens to hemoglobin)?,9
ROOT,hearsay (Old English/Germanic),information heard from another,hearsay rule,the rule excluding out-of-court statements offered to prove the truth of their content,What are the major exceptions to the 'hearsay' rule and their rationale?,4
ROOT,hedge (Old English/Germanic),a fence / a boundary,hedge fund,an investment fund using complex strategies including leverage and derivatives to generate returns,How does a 'hedge fund' differ from a mutual fund in terms of regulation and investor access?,4
ROOT,heir (Latin/Old French),one who inherits,heir apparent,a person who will inherit unless they predecease the testator,How does 'heir' differ from 'legatee' and 'devisee' in succession law?,3
ROOT,helic (Greek),spiral / coil,helicopter,a craft lifted by a spinning rotor,How does 'helic' shape the meaning of 'helix'?,6
ROOT,helix (Greek),spiral / coil,helical,having the shape of a helix or spiral,"How does 'helix' connect 'double helix,' 'helicase' (an enzyme that unwinds DNA), and the outer ear's helix?",4
ROOT,hem / hemo (Greek),blood,hemoglobin,the blood protein that carries oxygen,How does 'hemo' connect 'hemorrhage' (blood flowing out) and 'hemophilia'?,4
ROOT,heme (Greek),blood,heme,the iron-containing component of hemoglobin,"How does 'heme' connect 'hemoglobin,' 'hemin,' and 'heme oxygenase'?",6
ROOT,herb (Latin),plant,herbivore,an animal that feeds on plants,How does 'herb' shape the meaning of 'herbicide' (a plant killer)?,3
ROOT,hetero (Greek),different / other,heterogeneous,composed of different elements,What is the contrast between 'heterogeneous' and 'homogeneous'?,3
ROOT,hilum (Latin),small thing / eye of a bean,hilum,the point where vessels and nerves enter an organ,How does 'hilum' connect 'hilar' (relating to the hilum of the lung) and 'nihilism' (nothing — from nil)?,8
ROOT,hippocampus (Greek),horse-sea-monster,hippocampus,the sea-horse-shaped brain structure crucial for memory,How does 'hippo' (horse) + 'kampos' (sea monster) describe the hippocampus's shape?,5
ROOT,histamine (Greek),tissue / mast,histamine,a compound released in allergic reactions from tissue mast cells,How does 'histo-' (tissue) + 'amine' (nitrogen compound) describe histamine's origin and chemistry?,5
ROOT,holding (Old English/Germanic),something held,holding company,a company whose principal purpose is to own shares in other companies,How does a 'holding company' structure isolate liability and facilitate group financing?,3
ROOT,homeostasis (Greek),same / standing,homeostasis,the maintenance of stable internal conditions in an organism,How does 'homeo-' (same) + 'stasis' (standing) define the concept of physiological balance?,5
ROOT,homo (Greek/Latin),same / man,homogeneous,composed of the same elements,How does 'homo' connect 'homonym' (same name) and 'homogenize'?,3
ROOT,homolog (Greek),agreeing / corresponding,homologous,having the same evolutionary origin or genetic sequence,How does 'homolog' connect 'homologous chromosomes' and 'homologous recombination'?,6
ROOT,hormone (Greek),to set in motion / to urge,hormone,a chemical messenger that sets physiological processes in motion,How does 'horman' (to urge on) describe the action of hormones on target tissues?,3
ROOT,humor (Latin),fluid / moisture,aqueous humor,the fluid in the anterior chamber of the eye,"How does 'humor' connect 'humoral immunity,' the ancient four humors, and 'humid'?",4
ROOT,hyaline (Greek),glass / transparent,hyaline cartilage,smooth glassy cartilage covering joint surfaces,How does 'hyaline' connect 'hyaluronic acid' and 'hyaloid membrane' (glass-like membrane of the eye)?,8
ROOT,hydr (Greek),water,dehydrate,to remove water from,"How does 'hydr' connect 'hydraulic,' 'hydrogen,' and 'hydropower'?",2
ROOT,hypothecate (Greek/Latin),to pledge without delivery,hypothecation,the pledging of assets as collateral while retaining possession,How does 'hypothecation' differ from a pledge where possession is transferred to the creditor?,8
ROOT,ign (Latin),fire,ignite,to set on fire,How does 'ign' shape the meaning of 'ignition' and 'igneous' (fire-formed rock)?,5
ROOT,ileum (Greek),twisted / to roll,ileum,the final and longest section of the small intestine (twisted tube),How does 'ileum' connect 'ileus' (intestinal obstruction) and 'ileostomy'?,7
ROOT,ilium (Latin),groin / flank,iliac,relating to the ilium (the large upper bone of the pelvis),How does 'ilium' connect 'iliac crest' and 'ilioinguinal nerve'?,7
ROOT,imago (Latin),image / final adult form,imago,the adult stage of an insect after metamorphosis,How does 'imago' connect 'imaginal disc' (larval tissue forming the adult) and 'imagination'?,7
ROOT,immunity (Latin),exemption / freedom from obligation,sovereign immunity,the doctrine shielding a state or government from suit without its consent,How has sovereign 'immunity' been restricted by legislation such as the Foreign Sovereign Immunities Act?,4
ROOT,impeach (Old French/Latin),to entangle / to hinder,impeachment of witness,attacking the credibility of a witness's testimony,How does 'impeachment' of a witness differ from 'impeachment' of a public official?,5
ROOT,implied (Latin),folded in / not expressly stated,implied warranty,a warranty that the law imposes by operation of law rather than express agreement,How does an 'implied' term differ from an 'express' term in a contract?,3
ROOT,indemnity (Latin),freedom from loss,indemnification clause,a contractual promise to compensate another party for specified losses,How does an 'indemnity' provide broader protection than a limitation-of-liability clause?,5
ROOT,indemnity (Latin),freedom from loss,indemnity agreement,a contract by which one party agrees to compensate another for specified losses or liabilities,How does an 'indemnity' provision interact with insurance requirements in commercial contracts?,5
ROOT,infundibulum (Latin),funnel,infundibulum,a funnel-shaped passage or structure in the body,How does 'infundibulum' connect the pituitary stalk and the infundibulum of the Fallopian tube?,9
ROOT,injunction (Latin),to enjoin / to command,prohibitory injunction,a court order requiring a party to refrain from a specific act,How does a 'prohibitory' injunction differ from a 'mandatory' injunction?,4
ROOT,insolvent (Latin),unable to pay debts,insolvency,the state of being unable to pay debts as they fall due,How does 'cash-flow insolvency' differ from 'balance-sheet insolvency' as legal tests?,4
ROOT,insolvent (Latin),unable to pay,wrongful trading,continuing to trade while knowingly insolvent thereby deepening the insolvency,What personal liability can directors incur for 'wrongful trading' under insolvency law?,4
ROOT,instrument (Latin),a tool / a means,negotiable instrument,"a written document (e.g., cheque or promissory note) transferable by delivery or indorsement",What features make a document a 'negotiable instrument' under the Uniform Commercial Code?,4
ROOT,intangible (Latin),not touchable,intangible asset,"an asset without physical substance such as a patent, brand, or customer relationship",How is the value of 'intangible assets' measured and disclosed in financial statements?,4
ROOT,integr (Latin),whole / untouched / complete,integrity,the quality of being whole and honest,How does 'integr' connect 'integrate' and 'disintegrate'?,4
ROOT,integument (Latin),to cover / to enclose,integumentary,"relating to the body's outer covering (skin, hair, nails)",How does 'integument' (in + tegere — to cover) describe the skin system's function?,7
ROOT,inter partes (Latin),between the parties,inter partes review,an administrative proceeding to challenge the validity of a patent between parties,How does an 'inter partes review' differ from ex parte reexamination of a patent?,7
ROOT,interest (Latin),it concerns / it matters,compound interest,interest calculated on both the principal and accumulated interest,How does 'compound interest' affect the total cost of long-term borrowing compared to simple interest?,1
ROOT,intestate (Latin),without a will,intestate succession,the statutory distribution of an estate when a person dies without a valid will,How does 'intestate' succession differ from testate (with-will) distribution of an estate?,6
ROOT,inventory (Latin),a list of found items,inventory turnover,a ratio measuring how many times inventory is sold and replaced in a period,What does a declining 'inventory turnover' ratio signal about a company's operational health?,3
ROOT,invest (Latin),to clothe / to endow,divestiture,the sale or disposal of a business unit or asset by a company,Why might a regulator require 'divestiture' of assets as a condition of approving a merger?,2
ROOT,invoice (Old French/Latin),a message / a dispatch,factored invoice,an invoice sold to a factor (receivables financier) at a discount,How does 'invoice discounting' differ from 'full-service factoring' in finance?,3
ROOT,ischium (Greek),hip / to hold back,ischial,relating to the ischium (the lower and back part of the hip bone),How does 'ischium' connect 'ischialgia' (hip pain) and 'ischemia' (holding back blood)?,8
ROOT,it (Latin),to go,exit,to go out,How does 'it' connect 'transit' (to go across) and 'initiate'?,5
ROOT,jejunum (Latin),fasting / empty,jejunum,the middle section of the small intestine (found empty after death),How does 'jejunum' (always found empty) connect 'jejune' (empty of substance / naive)?,8
ROOT,joint (Latin/Old French),joined together,joint and several liability,liability where each party is independently responsible for the full debt or damage,How does 'joint and several' liability affect a claimant's ability to recover in full from any one defendant?,2
ROOT,joint venture (Latin/Old French),joined / an undertaking,unincorporated joint venture,a collaboration between parties without forming a separate legal entity,How does an 'unincorporated joint venture' allocate profit and liability differently from a corporate joint venture?,3
ROOT,jud / jur / jus (Latin),law / right / to swear,justice,the quality of being lawful and fair,"How does 'jud' connect 'judge,' 'prejudice,' and 'adjudicate'?",3
ROOT,judgment (Latin/Old French),to judge / to say the law,judgment in rem,a judgment concerning the status of property or a thing rather than a person,How does a judgment 'in rem' differ from a judgment 'in personam'?,2
ROOT,junct (Latin),to join,conjunction,a joining together of words,How does 'junct' shape the meaning of 'junction' and 'injunction'?,3
ROOT,jurisdiction (Latin),the saying of the law,subject-matter jurisdiction,the court's authority to hear a particular type of case,How does 'subject-matter jurisdiction' differ from 'personal jurisdiction' as prerequisites for judicial power?,4
ROOT,jurisdiction (Latin),saying the law,exclusive jurisdiction clause,a clause designating a single court or arbitral seat for resolving disputes,How does an 'exclusive jurisdiction clause' interact with mandatory local consumer protection rules?,4
ROOT,juven (Latin),young,juvenile,relating to a young person,How does 'juven' shape the meaning of 'rejuvenate' (to make young again)?,4
ROOT,kerat (Greek),horn / cornea,keratinocyte,a cell that produces keratin in the skin,"How does 'kerat' connect 'keratin,' 'keratitis' (corneal inflammation), and 'keratoplasty'?",6
ROOT,kine / kinet (Greek),movement,kinetic,relating to movement and energy,How does 'kine' shape the meaning of 'kinesthesia' (feeling of movement)?,5
ROOT,labor (Latin),work,elaborate,worked out in great detail,How does 'labor' connect 'collaborate' and 'laborious'?,2
ROOT,labyrinth (Greek),intricate passages,labyrinthitis,inflammation of the labyrinth of the inner ear,How does 'labyrinth' connect the inner ear's structure and the mythological Cretan maze?,4
ROOT,laches (Old French/Latin),neglect / slackness,doctrine of laches,an equitable defense based on unreasonable delay in asserting a right,How does 'laches' operate as an equitable bar even where a statutory limitation period has not expired?,7
ROOT,lacuna (Latin),pit / pool / gap,lacuna,a small cavity or pit in bone containing an osteocyte,How does 'lacuna' connect 'lacunar stroke' (a tiny gap-infarct in the brain) and 'lacunae' in connective tissue?,7
ROOT,lamina (Latin),thin plate / layer,laminar,relating to or resembling thin layers,"How does 'lamina' connect 'lamination,' 'laminar flow' (smooth layered flow), and 'vertebral lamina'?",6
ROOT,lanugo (Latin),fine wool / down,lanugo,the fine hair covering a fetus and some newborns,How does 'lanugo' connect 'lanolin' (wool grease) and lanugo in the context of eating disorders?,9
ROOT,larceny (Old French/Latin),theft,grand larceny,the theft of property above a statutory threshold value,How does 'larceny' differ from 'robbery' (theft with force or threat) under criminal law?,4
ROOT,lease (Old French/Latin),to loosen / to let,lease covenant,a promise in a lease binding landlord and tenant,How does a 'lease' create both proprietary and contractual rights in the tenant?,2
ROOT,lecithin (Greek),egg yolk,lecithin,a fatty substance found in cell membranes (originally isolated from egg yolk),How does 'lekithos' (egg yolk) explain the original source and naming of lecithin?,8
ROOT,lect / leg / lig (Latin),to choose / to read / to gather,elect,to choose by vote,"How does 'lect' connect 'collect,' 'select,' and 'lecture'?",4
ROOT,legacy (Latin/Old French),a bequest by will,specific legacy,a gift of a particular identified item of personal property by will,How does a 'legacy' differ from 'residue' (what remains after debts and specific gifts are paid)?,4
ROOT,lenticular (Latin),lens-shaped / lentil,lenticular nucleus,a lens-shaped structure deep in the brain,How does 'lenticular' connect 'lens' (originally named for the lentil shape) and 'lenticel' (a lens-shaped pore in bark)?,7
ROOT,leptin (Greek),thin / slender,leptin,a hormone produced by fat cells that signals satiety (thinning hunger),How does 'leptin' (thin) connect to its role in regulating body weight?,7
ROOT,lev (Latin),light / to raise,elevator,a device that raises things up,How does 'lev' shape the meaning of 'levitate' and 'alleviate' (to lighten a burden)?,4
ROOT,leverage (Latin/Old French),to lift / a lever,leveraged buyout (LBO),the acquisition of a company using a significant amount of borrowed money,How does the capital structure of an 'LBO' affect post-acquisition risk for the target company?,4
ROOT,liability (Latin),to be bound,limited liability,the principle that shareholders' liability is limited to the amount unpaid on their shares,How does 'limited liability' encourage investment by separating investors' personal assets from corporate risk?,5
ROOT,liability (Latin/Old French),to be bound,strict liability,liability imposed without proof of fault,In what categories of case does the law impose 'strict liability' regardless of negligence?,2
ROOT,liber (Latin),free,liberate,to set free,"How does 'liber' connect 'liberty,' 'liberal,' and 'deliberate'?",3
ROOT,license (Latin),permission / liberty,exclusive license,a grant to one licensee of the sole right to exploit intellectual property in a defined field,How does an 'exclusive license' differ from an assignment in terms of retained rights?,2
ROOT,lien (Old French/Latin),a bond / a binding,mechanics' lien,a security interest in property held by one who has supplied labor or materials,How does a 'lien' differ from a mortgage as a form of security over real property?,5
ROOT,lig (Latin),to bind,ligament,a band of tissue binding bones together,"How does 'lig' connect 'ligature' (a binding thread), 'obligate,' and 'religion' (to bind back)?",4
ROOT,limbic (Latin),border / edge,limbic system,a set of brain structures at the border of the cortex governing emotion,How does 'limbus' (border) describe the position and function of the limbic system?,6
ROOT,liquidate (Latin),to make clear / to settle,liquidated damages,a pre-agreed sum payable upon breach,How do courts distinguish 'liquidated damages' clauses (enforceable) from 'penalties' (unenforceable)?,4
ROOT,liquidation (Latin),to make clear / to settle,voluntary liquidation,a shareholder-initiated winding-up of a solvent or insolvent company,What triggers the distinction between a 'members' voluntary liquidation' and a 'creditors' voluntary liquidation'?,4
ROOT,liter (Latin),letter / writing,literature,written works of lasting value,How does 'liter' shape the meaning of 'literally' and 'illiterate'?,2
ROOT,litigant (Latin),one engaged in a lawsuit,vexatious litigant,a person who repeatedly brings frivolous or oppressive claims,What orders may a court make to control the conduct of a 'vexatious litigant'?,4
ROOT,loc (Latin),place,location,a particular place,"How does 'loc' connect 'relocate,' 'locomotive' (moving from place to place), and 'local'?",2
ROOT,log / logue (Greek),word / reason / study,logic,the science of reasoning,"How does 'log' connect 'dialogue' (words between two), 'monologue,' and 'epilogue'?",2
ROOT,luc / lum / lust (Latin),light,translucent,allowing light through,"How does 'luc' connect 'lucid,' 'illuminate,' and 'illustrate'?",4
ROOT,lumen (Latin),light / interior space,luminal,relating to the inner space of a tubular structure,How does 'lumen' connect the unit of light flux and the anatomical interior of a vessel?,5
ROOT,lysosome (Greek),dissolving body,lysosomal,relating to the lysosome (a cell organelle containing digestive enzymes),How does 'lyso-' (dissolving) + '-some' (body) describe the lysosome's function?,7
ROOT,macrophage (Greek),large eater,macrophage,a large immune cell that engulfs pathogens and debris,How does 'macro-' (large) + '-phage' (eater) describe the macrophage's function?,5
ROOT,macula (Latin),spot / stain,macular degeneration,deterioration of the central spot of the retina,How does 'macula' connect 'macula lutea' (yellow spot) and 'maculate' (spotted)?,7
ROOT,magn (Latin),great / large,magnificent,of great beauty or splendor,"How does 'magn' connect 'magnify,' 'magnitude,' and 'magnanimous'?",3
ROOT,malleus (Latin),hammer,malleus,the hammer-shaped bone in the middle ear,"How does 'malleus' connect 'mallet,' 'malleolus' (little hammer — the ankle knob), and 'malleability'?",8
ROOT,man / manu (Latin),hand,manuscript,something written by hand,"How does 'man' connect 'manual,' 'manage,' and 'manufacture'?",3
ROOT,mand / mend (Latin),to order / to entrust,command,to order authoritatively,How does 'mand' shape the meaning of 'mandate' and 'demand'?,4
ROOT,mandate (Latin),to order / to commit to one's hand,mandatory injunction,an injunction requiring a party to take positive action,How does a 'mandate' (court order) differ from a 'recommendation' in enforceability?,3
ROOT,mandate (Latin),to order / to entrust,mandate letter,a bank's formal commitment to provide financing on specified terms,What conditions precedent are typically found in a bank 'mandate letter'?,3
ROOT,mar (Latin),sea,marine,relating to the sea,"How does 'mar' connect 'maritime,' 'submarine,' and 'marina'?",2
ROOT,market (Latin/Germanic),a place of trade,market maker,a firm that quotes buy and sell prices for financial instruments to ensure liquidity,How does a 'market maker' differ from a broker in securities trading?,1
ROOT,mast (Greek),breast,mastectomy,the surgical removal of the breast,"How does 'mast' connect 'mastitis,' 'mastoid' (breast-shaped bone behind the ear), and 'gynecomastia'?",5
ROOT,mater / matr (Latin),mother,maternity,motherhood,How does 'mater' shape the meaning of 'maternal' and 'matriarch'?,3
ROOT,med (Latin),middle,medium,a middle state or means,How does 'med' connect 'mediate' (to go in the middle) and 'medieval'?,2
ROOT,medull (Latin),marrow / pith / inner part,medullary,relating to the inner part (medulla) of an organ,"How does 'medull' connect 'medulla oblongata,' 'renal medulla,' and 'adrenal medulla'?",6
ROOT,melanin (Greek),black / dark,melanocyte,a cell that produces the dark pigment melanin,"How does 'melan' connect 'melanism,' 'melanoma,' and 'melancholy' (black bile)?",5
ROOT,meninges (Greek),membrane,meningitis,inflammation of the meninges surrounding the brain,How does 'mening' connect 'meningioma' (a tumor of the meninges) and 'meningocele'?,6
ROOT,ment (Latin),mind,mental,relating to the mind,How does 'ment' shape the meaning of 'mentality' and 'mentor'?,3
ROOT,merger (Latin/Old French),to immerse / to combine,reverse merger,a transaction in which a private company acquires a public company to achieve a listing,What are the regulatory and disclosure advantages and risks of a 'reverse merger' listing?,3
ROOT,metabol (Greek),to change,metabolite,a substance produced or consumed in metabolism,"How does 'metabol' connect 'anabolism,' 'catabolism,' and 'basal metabolic rate'?",4
ROOT,metr / meter (Greek),measure,thermometer,a device that measures temperature,"How does 'metr' connect 'metric,' 'geometry' (earth-measuring), and 'symmetry'?",3
ROOT,mezzanine (Italian/Latin),the middle floor,mezzanine financing,debt or preferred equity that ranks between senior debt and common equity,How does 'mezzanine financing' provide flexibility in leveraged buyout capital structures?,7
ROOT,migr (Latin),to move / to wander,migrate,to move from one place to another,How does 'migr' shape the meaning of 'immigrate' vs. 'emigrate'?,4
ROOT,misrepresentation (Latin/Old French),a false representation,fraudulent misrepresentation,a false statement of fact made knowingly with intent to deceive,What are the elements of 'misrepresentation' as a cause of action in contract?,4
ROOT,mit / miss (Latin),to send,transmit,to send across,"How does 'mit' connect 'emit' (send out), 'admit,' and 'mission'?",3
ROOT,mitigation (Latin),to make milder,duty to mitigate,the obligation of the innocent party to take reasonable steps to reduce loss after breach,What happens to a damages award if the claimant fails to 'mitigate' their loss?,4
ROOT,mitochondria (Greek),thread granule,mitochondrion,the organelle that generates cellular energy (ATP),How does 'mitos' (thread) + 'chondros' (granule) describe the mitochondrion's original microscopic appearance?,5
ROOT,mitosis (Greek),thread / warp thread,mitosis,the process of cell division that produces identical daughter cells,How does 'mitos' (thread) describe what chromosomes look like during mitosis?,5
ROOT,mob / mot / mov (Latin),to move,mobile,able to move,"How does 'mot' connect 'motion,' 'promote,' and 'emotion' (moving feeling)?",2
ROOT,monopoly (Greek/Latin),single seller,natural monopoly,an industry where a single firm can supply the entire market at lower cost than multiple firms,How does regulation of a 'natural monopoly' differ from breaking it up using antitrust law?,3
ROOT,morph (Greek),form / shape,metamorphosis,a change of form,How does 'morph' shape the meaning of 'amorphous' (without shape)?,4
ROOT,mort (Latin),death,mortal,subject to death,"How does 'mort' connect 'mortality,' 'immortal,' and 'mortify'?",3
ROOT,mortgage (Old French),a dead pledge — the pledge ends on payment or default,mortgage,a security interest in real property securing repayment of a loan,Why is a mortgage described as a 'dead pledge' etymologically?,3
ROOT,mortgage (Old French),dead pledge,mortgage-backed security (MBS),a financial instrument backed by a pool of mortgage loans,How did the proliferation of 'mortgage-backed securities' amplify systemic risk in 2007–2008?,3
ROOT,morula (Latin),mulberry,morula,an early embryo of 16 cells resembling a mulberry,How does 'morula' connect to 'Morus' (the mulberry genus) and why the visual analogy?,9
ROOT,mut (Latin),change,mutate,to undergo change,How does 'mut' connect 'mutual' (changing toward each other) and 'immutable'?,4
ROOT,myelin (Greek),marrow,myelin sheath,the fatty insulating layer around nerve fibers,How does 'myelin' (marrow — the fatty substance) describe the sheath's composition?,6
ROOT,naris (Latin),nostril,nares,the nostrils (openings of the nasal cavity),"How does 'naris' connect 'nasal,' 'naris,' and 'choanae' (internal nares)?",8
ROOT,narr (Latin),to tell,narrate,to tell a story,How does 'narr' shape the meaning of 'narrative' and 'narrator'?,3
ROOT,nat (Latin),born / birth,native,born in a particular place,"How does 'nat' connect 'nature,' 'nation,' and 'prenatal'?",2
ROOT,nav (Latin),ship,navigate,to steer a ship (or direct a path),How does 'nav' shape the meaning of 'naval' and 'navy'?,3
ROOT,necrosis (Greek),death,necrotic,relating to the death of body tissue,"How does 'nekros' (dead body) connect 'necrosis,' 'necrophilia,' and 'necropolis'?",5
ROOT,neg (Latin),to deny / not,negate,to deny or make negative,"How does 'neg' connect 'negative,' 'negligent,' and 'renege'?",3
ROOT,negligence (Latin),careless / neglect,contributory negligence,the claimant's own carelessness that contributes to their loss,How does 'contributory negligence' differ from 'comparative negligence' as a defense?,3
ROOT,negotiate (Latin),not at leisure / to carry on business,negotiated deal,a transaction whose terms are agreed through discussion rather than standard terms,How does a 'negotiated' transaction differ from an auction process in M&A?,3
ROOT,nephron (Greek),kidney unit,nephrology,the medical study of the kidneys,How does 'nephron' (the functional unit of the kidney) connect 'glomerulonephritis' and 'nephrectomy'?,6
ROOT,net (Latin/Old French),clean / after deductions,net present value (NPV),the present value of future cash flows minus the initial investment,How does a positive 'NPV' indicate value creation for shareholders?,2
ROOT,neural (Greek),nerve,neurogenesis,the growth and development of nervous tissue,"How does 'neural' connect 'neural tube defect,' 'neural crest cells,' and 'neural plasticity'?",4
ROOT,noc / nox (Latin),harm / night,nocturnal,active during the night,How does 'noc' shape the meaning of 'innocent' (not harmful)?,5
ROOT,nom / nym (Greek/Latin),name / law,anonymous,without a name,"How does 'nom' connect 'nominate,' 'synonym,' and 'pseudonym'?",4
ROOT,norm (Latin),rule / pattern,normal,conforming to a standard rule,How does 'norm' connect 'enormous' (out of the normal rule) and 'normalize'?,2
ROOT,notochord (Greek),back string / cord,notochord,the primitive backbone in chordate embryos,How does 'noton' (back) + 'chorde' (string) describe the notochord's structure and position?,8
ROOT,nov (Latin),new,innovate,to introduce something new,"How does 'nov' connect 'novel,' 'novice,' and 'renovate'?",3
ROOT,novation (Latin),to make new,novation,"the substitution of a new contract or party for an old one, extinguishing the original obligation",How does 'novation' differ from 'assignment' of contractual rights?,6
ROOT,novation (Latin),to make new,debt novation,the replacement of an existing debt obligation with a new one involving a new party,How does 'novation' transfer credit exposure in derivatives markets?,6
ROOT,nuisance (Old French/Latin),to harm / to injure,public nuisance,an unreasonable interference with the rights of the general public,How does 'public nuisance' differ from 'private nuisance' in terms of who may sue?,3
ROOT,numer (Latin),number,enumerate,to count out one by one,How does 'numer' shape the meaning of 'innumerable' (too many to number)?,3
ROOT,nystagmus (Greek),to nod / drowsy,nystagmus,rapid involuntary movement of the eyes,How does 'nystagmos' (nodding with drowsiness) describe the visual appearance of nystagmus?,9
ROOT,oath (Old English),a solemn pledge,perjury,the criminal offense of making a false statement while under oath,What is the difference between 'perjury' and 'contempt of court' in procedural terms?,2
ROOT,obligation (Latin),to bind / to tie,obligor,the party under a duty to perform in a legal obligation,How does 'obligation' as a civil-law concept compare to 'consideration' in common-law contract?,3
ROOT,obturator (Latin),to close / stop up,obturator foramen,a large opening in the hip bone (partially closed by membrane),How does 'obturate' (to close) shape the meaning of 'obturator' both anatomically and in dentistry?,9
ROOT,occiput (Latin),back of the head,occipital,relating to the back of the skull,How does 'ob-' (against) + 'caput' (head) describe the occiput's position opposite the front of the head?,8
ROOT,oct (Latin/Greek),eight,octopus,a creature with eight arms,"If 'oct' means eight, what does 'octave' describe in music?",3
ROOT,offer (Latin/Old French),to present,counter-offer,a response to an offer that varies its terms and constitutes a rejection of the original offer,How does a 'counter-offer' destroy the original offer under mirror-image rule?,1
ROOT,oligopoly (Greek/Latin),few sellers,duopoly,a market dominated by exactly two sellers,How does an 'oligopoly' differ from a monopoly in terms of competitive dynamics and regulatory treatment?,6
ROOT,omentum (Latin),fatty membrane / entrails,omentum,an apron-like fold of peritoneum covering the intestines,"How does 'omentum' connect 'greater omentum,' 'lesser omentum,' and 'omental fat'?",9
ROOT,omni (Latin),all,omnipotent,having all power,How does 'omni' connect 'omniscient' (knowing all) and 'omnivore'?,2
ROOT,oper (Latin),to work,cooperate,to work together,How does 'oper' shape the meaning of 'operate' and 'opus'?,3
ROOT,operon (Latin),to work,operon,a cluster of genes under shared regulatory control,"How does 'oper' (to work) connect 'operon' to 'operator,' 'operand,' and genetic regulation?",9
ROOT,opt (Latin/Greek),best / eye / to choose,optimist,one who sees the best outcome,How does 'opt' connect 'optical' (relating to the eye) and 'adopt'?,3
ROOT,option (Latin),choice / wish,call option,the right but not the obligation to buy an asset at a specified price before a set date,How does a 'call option' differ from a 'put option' in hedging strategy?,3
ROOT,ord (Latin),order / row,order,an arrangement in sequence,"How does 'ord' connect 'ordinary,' 'coordinate,' and 'disorder'?",3
ROOT,organelle (Greek),little organ,organelle,a specialized structure within a cell performing a specific function,How does 'organelle' (little organ) parallel the relationship between organs in a body?,5
ROOT,ossicle (Latin),little bone,ossicular chain,the three tiny bones of the middle ear transmitting sound vibrations,"How does 'ossicle' connect 'incus,' 'malleus,' 'stapes,' and 'ossification'?",8
ROOT,oxytocin (Greek),quick birth,oxytocin,a hormone stimulating uterine contractions and bonding behavior,How does 'oxy-' (quick/sharp) + 'tokos' (birth) describe oxytocin's original known function?,6
ROOT,pac (Latin),peace,pacify,to make peaceful,How does 'pac' shape the meaning of 'pacific' and 'pacifist'?,3
ROOT,palate (Latin),roof of the mouth,palatine,relating to the palate or roof of the mouth,"How does 'palate' connect 'palatine bone,' 'cleft palate,' and 'palatoplasty'?",4
ROOT,pancreas (Greek),all flesh / entirely flesh,pancreas,a gland that produces digestive enzymes and insulin,How does 'pan-' (all) + 'kreas' (flesh) describe the pancreas's appearance as entirely fleshy?,4
ROOT,papilla (Latin),nipple / teat,papillary,covered with or relating to small nipple-like projections,"How does 'papilla' connect 'renal papilla,' 'taste papillae,' and 'papillary thyroid carcinoma'?",7
ROOT,par (Latin),equal,at par,issued or trading at face value (neither at a premium nor a discount),What does it mean when bonds trade 'below par' and how does this reflect credit risk?,4
ROOT,parenchyma (Greek),poured in beside,parenchyma,the functional tissue of an organ distinct from its connective framework,How does 'para-' (beside) + 'enchyma' (infusion/pouring) describe parenchymal tissue?,8
ROOT,parietal (Latin),of a wall,parietal,relating to the wall of a body cavity,"How does 'parietal' connect 'parietal lobe,' 'parietal pleura,' and 'parietal peritoneum'?",6
ROOT,partition (Latin),to divide,partition action,a court proceeding to divide jointly owned property among co-owners,When is 'partition in kind' preferred over a forced sale in co-ownership disputes?,4
ROOT,patella (Latin),small pan / small dish,patellar,relating to the kneecap,How does 'patella' (small shallow dish) describe the kneecap's shape?,5
ROOT,patent (Latin),open / lying open,patent pool,an agreement between multiple patent holders to license their patents collectively,How does a 'patent pool' reduce transaction costs while raising antitrust scrutiny?,5
ROOT,patent (Latin/Old French),open / lying open,patent infringement,"unauthorized making, using, or selling of a patented invention",What defenses are available to a party accused of 'patent infringement'?,3
ROOT,pater / patr (Latin),father,patriot,one who loves their fatherland,"How does 'patr' connect 'patron,' 'patriarchy,' and 'patronize'?",3
ROOT,path (Greek),feeling / disease / suffering,sympathy,feeling together with someone,"How does 'path' connect 'empathy,' 'pathology,' and 'psychopath'?",3
ROOT,ped / pod (Greek/Latin),foot / child,pedestrian,one who travels on foot,"How does 'ped' connect 'pedal,' 'expedition,' and 'pediatrician' (child doctor)?",3
ROOT,pel / puls (Latin),to drive / to push,compel,to drive together (force),"How does 'puls' connect 'pulse,' 'repulse,' and 'impulse'?",4
ROOT,pelvis (Latin),basin,pelvimetry,the measurement of the dimensions of the pelvis,How does 'pelvis' (basin) describe both the bony structure and the renal pelvis?,4
ROOT,pend / pens (Latin),to hang / to weigh / to pay,suspend,to hang from above,"How does 'pend' connect 'depend,' 'pending,' and 'appendix'?",4
ROOT,peptide (Greek),to digest,peptidase,an enzyme that cleaves peptide bonds,"How does 'peptide' (digested) connect 'polypeptide,' 'pepsin,' and 'peptic ulcer'?",5
ROOT,peristalsis (Greek),to clasp around,peristalsis,wavelike contractions of the gut wall moving contents forward,How does 'peri-' (around) + 'stellein' (to place/clasp) describe peristaltic movement?,7
ROOT,perjury (Latin),false swearing,perjury trap,a situation where a person is questioned under oath primarily to induce perjurious answers,What distinguishes an honest mistake under oath from 'perjury'?,4
ROOT,perpetuity (Latin),forever / without end,rule against perpetuities,the rule invalidating future interests that may vest too remotely,How does the 'rule against perpetuities' prevent property from being tied up indefinitely?,6
ROOT,phalanx (Greek),line of soldiers / finger bone,phalanx,a bone of the finger or toe,How does 'phalanx' connect the military formation and the arrangement of finger bones?,5
ROOT,pharynx (Greek),throat,pharyngitis,inflammation of the pharynx (throat),"How does 'pharynx' connect 'nasopharynx,' 'oropharynx,' and 'pharyngeal reflex'?",5
ROOT,pheromone (Greek),to carry / to transfer,pheromone,a chemical signal transferred between individuals of the same species,How does 'pherein' (to carry) + 'horman' (to urge) describe the pheromone's action?,5
ROOT,phil (Greek),love,philosophy,love of wisdom,"How does 'phil' connect 'philanthropist,' 'bibliophile,' and 'Philadelphia'?",3
ROOT,phon (Greek),sound / voice,telephone,a device for transmitting sound over distance,"How does 'phon' connect 'phonics,' 'microphone,' and 'symphony'?",2
ROOT,photo / phos (Greek),light,photograph,an image recorded by light,How does 'photo' connect 'photosynthesis' and 'photovoltaic'?,2
ROOT,photon (Greek),light particle,photoreceptor,a cell that responds to light stimuli,"How does 'photon' connect 'photosynthesis,' 'photolysis,' and 'photophobia'?",4
ROOT,physi (Greek),nature / body,physician,one who studies and heals the body,How does 'physi' shape the meaning of 'physique' and 'physical'?,3
ROOT,placenta (Latin),flat cake,placentation,the formation and structure of the placenta,How does 'placenta' (flat cake) describe the organ's appearance?,4
ROOT,plasma (Greek),something molded / formed,plasma membrane,the outer boundary of a cell (the formed membrane),"How does 'plasma' connect 'blood plasma,' 'protoplasm,' and 'plasmid' (a formed circular DNA)?",4
ROOT,plea (Old French/Latin),to plead / to agree,guilty plea,an admission by the defendant to the offense charged,What rights does a defendant waive when entering a 'guilty plea'?,3
ROOT,pledge (Old French/Germanic),a security,share pledge,the deposit of shares as security for a loan,How does enforcement of a 'share pledge' differ from enforcement of a real-property mortgage?,4
ROOT,pleura (Greek),rib / side,pleuritis / pleurisy,inflammation of the pleura surrounding the lungs,"How does 'pleura' connect 'pleural effusion,' 'pneumothorax,' and 'pleurodesis'?",6
ROOT,plex / plic (Latin),to fold / to interweave,complex,folded together (complicated),"How does 'plic' connect 'complicate,' 'implicate,' and 'duplicate'?",5
ROOT,plexus (Latin),braid / network,brachial plexus,a network of nerves supplying the arm,"How does 'plexus' (braid) connect 'solar plexus,' 'choroid plexus,' and 'plexiform'?",6
ROOT,podocyte (Greek),foot cell,podocyte,a cell with foot-like projections filtering blood in the kidney,How does 'podo-' (foot) + '-cyte' (cell) describe the podocyte's structure?,9
ROOT,poli (Greek),city,politics,affairs of the city / state,"How does 'poli' connect 'metropolis,' 'police,' and 'policy'?",3
ROOT,polymer (Greek),many parts,polymerization,the linking of many monomers into a chain,How does 'poly-' (many) + '-mer' (part) describe the structure of DNA as a polymer?,4
ROOT,pon / pos / pound (Latin),to put / to place,compose,to put together,"How does 'pos' connect 'deposit,' 'expose,' and 'impose'?",4
ROOT,pons (Latin),bridge,pontine,relating to the pons (the bridge-like part of the brainstem),How does 'pons' (bridge) describe the anatomical and functional role of this brainstem structure?,6
ROOT,popul (Latin),people,population,the total number of people in a place,"How does 'popul' connect 'popular,' 'populate,' and 'depopulate'?",2
ROOT,port (Latin),to carry,portable,able to be carried,"If 'port' means carry, what does 'export' literally mean? And 'import'?",2
ROOT,portfolio (Italian/Latin),to carry / a leaf,portfolio company,a company in which a private equity or venture capital fund has invested,How does 'portfolio diversification' reduce unsystematic risk in investment management?,3
ROOT,precedent (Latin),going before,binding precedent,a prior court decision that must be followed by lower courts in the same hierarchy,How does 'stare decisis' give 'binding precedent' its coercive force in common-law systems?,3
ROOT,premium (Latin),a prize / something taken first,risk premium,the additional return demanded by investors for bearing risk above the risk-free rate,How does the 'equity risk premium' influence corporate cost-of-capital calculations?,3
ROOT,principal (Latin),first / chief,principal-agent problem,a conflict of interest arising because an agent does not always act in the principal's best interest,What governance mechanisms mitigate the 'principal-agent problem' in public companies?,3
ROOT,prion (English/Greek),proteinaceous infectious particle,prionopathy,a disease caused by misfolded prion proteins,How does the portmanteau 'prion' (protein + infection) describe this unique infectious agent?,7
ROOT,privilege (Latin),private law / personal exemption,legal professional privilege,the right to refuse disclosure of confidential communications with one's lawyer,What is the rationale for protecting 'legal professional privilege' in adversarial proceedings?,3
ROOT,privity (Latin/Old French),private / secret,privity of contract,the relationship between the contracting parties that enables enforcement of the contract,How has 'privity of contract' been eroded by statutes allowing third-party enforcement?,7
ROOT,probate (Latin),to prove,probate court,a court with jurisdiction over wills and estates,What is the purpose of 'probate' and when can a will be 'probated'?,5
ROOT,profit (Latin),advance / benefit,profit warning,a public announcement that a company's earnings will fall below market expectations,What disclosure obligations trigger a listed company's duty to issue a 'profit warning'?,1
ROOT,prolactin (Latin),promoting milk,prolactinoma,a benign tumor of the pituitary secreting excess prolactin,How does 'pro-' (promoting) + 'lactin' (milk) describe prolactin's primary function?,8
ROOT,promissory (Latin),a promise,promissory note,a written unconditional promise to pay a specified sum to a named party,How does a 'promissory note' differ from a bill of exchange?,5
ROOT,proprioception (Latin),one's own perception,proprioceptor,a sensory receptor detecting body position and movement,How does 'proprius' (one's own) + 'capio' (to take/perceive) define proprioception?,7
ROOT,prosecute (Latin),to follow up / to pursue,prosecution,the institution and conduct of criminal proceedings by the state,What is the difference between a 'private prosecution' and a public 'prosecution'?,3
ROOT,prospectus (Latin),a view / an outlook,listing prospectus,a document describing a company's business and finances issued to potential investors in an IPO,What liability do directors and advisers face for a misleading 'prospectus'?,5
ROOT,prostaglandin (Greek/Latin),standing before the gland,prostaglandin,a lipid compound acting like a hormone at the site of synthesis,How does 'pros-' (before/near) + 'gland' explain why prostaglandins were first found near the prostate gland?,9
ROOT,proximate cause (Latin),nearest / closest,proximate cause,the legally operative cause most directly linked to the harm suffered,How does 'proximate cause' differ from 'but-for' (factual) causation in tort law?,5
ROOT,proxy (Latin),to procure / to act for another,proxy fight,a contest for shareholder votes by a dissident group seeking to change board composition,How does a 'proxy fight' compare to a hostile takeover as a means of effecting corporate change?,4
ROOT,psych (Greek),mind / soul,psychology,the study of the mind,"How does 'psych' connect 'psychiatry,' 'psychosis,' and 'psychedelic'?",2
ROOT,punct (Latin),point / dot,puncture,to make a point / hole in something,How does 'punct' shape the meaning of 'punctual' (being to the point in time)?,4
ROOT,punitive (Latin),punishing,punitive damages,damages awarded to punish a defendant for malicious or reckless conduct,What limitations do courts place on 'punitive damages' to avoid unconstitutional excess?,4
ROOT,pylorus (Greek),gatekeeper,pyloric stenosis,narrowing of the pylorus (gateway from stomach to duodenum),How does 'pylorus' (gate + guardian) describe the function of this muscular valve?,8
ROOT,quantum meruit (Latin),as much as is deserved,quantum meruit,a claim for reasonable payment where no price was agreed or a contract has failed,When does a party rely on 'quantum meruit' rather than a contractual price claim?,7
ROOT,quer / ques / quis (Latin),to ask / to seek,question,an act of asking,"How does 'quer' connect 'query,' 'inquest,' and 'inquisitive'?",4
ROOT,ratify (Latin),to confirm / to approve,ratification,the subsequent adoption of a contract or act made without authority,How does 'ratification' relate back to the date of the original unauthorized act in agency law?,4
ROOT,receivership (Latin/Old English),one who receives,administrative receivership,an insolvency process where a receiver manages a company's assets for a secured creditor,How does 'receivership' differ from 'administration' as an insolvency procedure?,6
ROOT,recission (Latin),to cut back,rescission,the unmaking of a contract so as to restore the parties to their pre-contractual positions,How does 'rescission' differ from 'termination' (ending a contract prospectively)?,5
ROOT,recourse (Latin),to run back,non-recourse debt,debt for which the lender's only remedy on default is against the collateral asset,How does 'non-recourse' financing change the risk allocation in a project finance structure?,5
ROOT,redeem (Latin),to buy back,redemption of shares,the repurchase of shares by the issuing company at a predetermined price,How does 'redemption' of preference shares affect a company's capital structure?,4
ROOT,reg / rect (Latin),to rule / to guide / straight,regulate,to guide by rules,"How does 'rect' connect 'correct' (guide rightly), 'direct,' and 'rectangle'?",3
ROOT,register (Latin),to record / to enroll,registered charge,a security interest over company property registered at the public registry,What is the effect of failure to 'register' a charge within the prescribed period?,3
ROOT,reorganization (Greek/Latin),to organize again,Chapter 11 reorganization,a U.S. bankruptcy procedure allowing a company to restructure its debts and continue operating,How does 'Chapter 11 reorganization' differ from 'Chapter 7 liquidation' for a distressed company?,4
ROOT,representation (Latin),to present again / to show,representations and warranties,contractual statements of fact and promises given in a transaction,How do 'representations and warranties' in an M&A agreement allocate risk between buyer and seller?,3
ROOT,reserve (Latin),to keep back,statutory reserve,a portion of profit that a company is legally required to set aside and not distribute,How do 'statutory reserves' protect creditors from depletion of a company's capital base?,3
ROOT,restitution (Latin),to restore,unjust enrichment,the principle that a defendant must restore a benefit unjustly received at the claimant's expense,How does 'restitution' (restoring gains) differ from 'compensation' (making good losses)?,4
ROOT,restructure (Latin),to build again,debt restructuring,the renegotiation of the terms of a debt to give a borrower breathing space,How does a 'debt restructuring' differ from refinancing and from formal insolvency?,4
ROOT,reticulocyte (Latin),little net + cell,reticulocyte,an immature red blood cell with a net-like internal structure,How does 'reticul-' (little net) describe the reticulocyte's internal appearance under the microscope?,9
ROOT,revenue (Latin/French),to come back / to return,revenue recognition,the accounting principle governing when and how income is recorded,How did the adoption of IFRS 15 change 'revenue recognition' for long-term contracts?,2
ROOT,reversion (Latin),to turn back,reverter clause,a clause causing property to revert to the original owner on a specified event,How does a 'reversion' differ from a 'remainder' in the law of future interests?,6
ROOT,ribose (Arabic/German),a type of sugar,ribonucleic acid (RNA),the nucleic acid using ribose sugar,How does 'ribose' shape the chemical identity of RNA vs. DNA (deoxyribose)?,8
ROOT,ribosome (German/Greek),RNA + body,ribosomal RNA,the RNA component of ribosomes that catalyzes protein synthesis,How does 'ribo-' (from RNA) + '-some' (body) describe the ribosome's composition?,6
ROOT,riparian (Latin),relating to a riverbank,riparian rights,the rights of a landowner whose property borders a watercourse,How do 'riparian rights' to use water differ from the 'prior appropriation' doctrine?,7
ROOT,risk (Italian/Latin),danger / reef,systemic risk,the risk that the failure of one institution triggers collapse across the financial system,How does 'systemic risk' justify macroprudential regulation beyond firm-level supervision?,2
ROOT,royalty (Old French/Latin),a royal right,royalty stream,the recurring payments a licensee makes to a licensor based on use of intellectual property,How does the valuation of a 'royalty stream' differ from a lump-sum license fee?,4
ROOT,rupt (Latin),to break / to burst,interrupt,to break into (and disturb),"How does 'rupt' connect 'erupt,' 'corrupt,' and 'bankrupt'?",3
ROOT,sacrum (Latin),sacred bone,sacroiliac,relating to the sacrum and ilium of the pelvis,How does 'sacrum' (sacred bone) connect to its ancient anatomical naming as the 'os sacrum'?,6
ROOT,sanction (Latin),to make holy / to confirm,sanctions (legal),official penalties or restrictions imposed for violations of law or conduct rules,How do 'economic sanctions' imposed by a state differ from court-ordered 'sanctions' for litigation misconduct?,3
ROOT,sarcolemma (Greek),flesh husk,sarcolemma,the cell membrane surrounding a muscle fiber,How does 'sarco-' (flesh) + 'lemma' (husk/sheath) describe the sarcolemma's structure?,9
ROOT,sarcomere (Greek),flesh part,sarcomere,the functional unit of a muscle fiber's contractile machinery,How does 'sarco-' (flesh) + '-mere' (part) describe the sarcomere as the repeating unit of a myofibril?,9
ROOT,sci (Latin),to know,conscience,inner knowing of right and wrong,"How does 'sci' connect 'science,' 'omniscient,' and 'conscious'?",3
ROOT,sclera (Greek),hard,scleral,relating to the sclera (the white of the eye),How does 'sclera' connect 'sclerosis' (hardening) and 'scleroderma' (hard skin)?,6
ROOT,scrib / script (Latin),to write,describe,to write about in detail,"How does 'script' connect 'manuscript,' 'prescription,' and 'inscription'?",2
ROOT,sebum (Latin),tallow / grease,sebaceous,relating to sebum-secreting glands of the skin,"How does 'sebum' connect 'sebaceous cyst,' 'seborrhea' (excessive grease flow), and 'sebocyte'?",7
ROOT,sect (Latin),to cut,dissect,to cut apart for examination,How does 'sect' connect 'bisect' (cut in two) and 'intersection'?,3
ROOT,security (Latin),freedom from care / a pledge,securities regulation,"the body of law governing the issuance and trading of stocks, bonds, and derivatives",How does 'securities regulation' balance investor protection with efficient capital formation?,2
ROOT,sens / sent (Latin),to feel,sensitive,able to feel deeply,"How does 'sent' connect 'sentimental,' 'consent,' and 'resent'?",3
ROOT,septum (Latin),partition / fence,septal defect,a hole in the wall (septum) between heart chambers,"How does 'septum' connect 'nasal septum,' 'ventricular septum,' and 'septicemia' (infection in the blood)?",5
ROOT,sequ / secut (Latin),to follow,sequence,the order in which things follow,How does 'sequ' connect 'consequence' (following together) and 'subsequent'?,4
ROOT,sequester (Latin),to separate / to set apart,sequestration,the seizure and holding of assets by a court during dispute or insolvency,How does 'sequestration' of assets differ from 'garnishment' as an enforcement mechanism?,6
ROOT,sesamoid (Greek),sesame-shaped,sesamoid bone,a small bone embedded within a tendon (like the patella),How does 'sesame' + '-oid' (resembling) describe the sesamoid bone's appearance?,8
ROOT,settlement (Old English/Latin),to make firm / to resolve,out-of-court settlement,a negotiated resolution of a dispute without a final court judgment,What are the advantages and disadvantages of an 'out-of-court settlement' over litigation?,3
ROOT,shareholder (Old English/Germanic),one who holds a share,shareholder activism,the use of equity ownership rights to influence corporate strategy or governance,How does 'shareholder activism' differ between hedge fund activists and institutional investors?,2
ROOT,sign (Latin),mark / sign,significant,having a notable mark / meaning,"How does 'sign' connect 'signal,' 'signature,' and 'designate'?",2
ROOT,simil / simul (Latin),like / resembling,similar,resembling another thing,How does 'simul' connect 'simulate' (to make like) and 'simultaneous'?,4
ROOT,sinus (Latin),hollow / curve / bay,sinusitis,inflammation of the hollow cavities in the skull,"How does 'sinus' connect 'paranasal sinuses,' 'dural venous sinuses,' and 'sinusoidal capillaries'?",4
ROOT,slander (Old French/Latin),scandal / false report,slander of title,the malicious false statement disparaging another's title to property,How does 'slander of title' differ from 'defamation' as a tort?,4
ROOT,sol (Latin),alone / sun,solitary,being alone,How does 'sol' mean two different things in 'solar' (sun) vs. 'solitude' (alone)?,3
ROOT,solv / solu (Latin),to loosen / to free,solve,to find the answer (free from the problem),How does 'solv' connect 'dissolve' (loosen apart) and 'resolve'?,4
ROOT,solvency (Latin),to loosen / to pay,solvency opinion,a formal opinion by an independent financial adviser that a company can meet its obligations,When is a 'solvency opinion' required in leveraged transactions and what does it protect against?,5
ROOT,soma (Greek),body,somatic,relating to the body as distinct from the mind or germ cells,"How does 'soma' connect 'somatostatin' (body-stopping hormone), 'chromosome,' and 'psychosomatic'?",4
ROOT,son (Latin),sound,sonic,relating to sound,"How does 'son' connect 'resonance,' 'consonant,' and 'dissonant'?",3
ROOT,spec / spect / spic (Latin),to look / to see,inspect,to look into carefully,"How does 'spect' connect 'spectator,' 'perspective,' and 'suspect' (look under)?",2
ROOT,specific performance (Latin),to carry out specifically,specific performance,an equitable order compelling a party to perform their contractual obligations,When will a court award 'specific performance' rather than damages?,5
ROOT,spher (Greek),ball / globe,atmosphere,the layer of gases surrounding the globe,How does 'spher' shape the meaning of 'hemisphere' and 'biosphere'?,3
ROOT,sphincter (Greek),to bind tight,sphincter,a circular muscle that constricts a passage or orifice,How does 'sphingein' (to bind tight) describe both the 'Sphinx' (the binder) and the sphincter muscle?,5
ROOT,spin (Latin),thorn / spine,spinal,relating to the spine,How does 'spin' shape the meaning of 'spindle' and 'porcupine' (spine-pig)?,4
ROOT,spir (Latin),to breathe,inspire,to breathe life into / to motivate,"How does 'spir' connect 'expire' (breathe out/end), 'respire,' and 'conspire'?",3
ROOT,squam (Latin),scale,squamous epithelium,a flat scale-like layer of epithelial cells,"How does 'squam' connect 'squamous cell carcinoma,' 'squamate reptiles,' and 'desquamation' (shedding scales)?",7
ROOT,standard (Old French/Germanic),a gathering point / a measure,accounting standard,a set of rules governing the preparation of financial statements,How do IFRS and U.S. GAAP 'accounting standards' differ in their treatment of financial instruments?,2
ROOT,standing (Old English),to stand,constitutional standing,the requirement that a plaintiff have suffered injury in fact to bring a constitutional claim,What are the three requirements for Article III 'standing' in U.S. federal courts?,4
ROOT,stat / stit (Latin),to stand / to place,stationary,standing still,"How does 'stat' connect 'status,' 'substitute' (stand in place of), and 'establish'?",3
ROOT,statute (Latin),to set up / to establish,statute of limitations,a law prescribing the time within which legal proceedings must be commenced,How does the discovery rule postpone the running of a 'statute of limitations' in latent-injury cases?,2
ROOT,stellate (Latin),star-shaped,stellate cell,a star-shaped cell type found in the brain and liver,"How does 'stella' (star) connect 'stellar,' 'interstellar,' and 'stellate ganglion'?",7
ROOT,stock (Old English/Germanic),a trunk / a store,preferred stock,equity with priority over common stock for dividends and in liquidation,How does 'preferred stock' differ from 'common stock' in terms of rights and risk?,2
ROOT,stoma (Greek),mouth / opening,stomatitis,inflammation of the mucous lining of the mouth,"How does 'stoma' connect 'stomata' (leaf openings), 'colostomy' (gut mouth), and 'anastomosis'?",5
ROOT,stratum (Latin),layer / spread,stratum corneum,the outermost horny layer of the skin,"How does 'stratum' connect 'stratify,' 'stratigraphy,' and the layers of the epidermis?",4
ROOT,stria (Latin),groove / stripe,striatum,a striped structure in the basal ganglia of the brain,How does 'stria' connect 'striae gravidarum' (pregnancy stretch marks) and 'corpus striatum'?,7
ROOT,stru / struct (Latin),to build,construct,to build together,"How does 'struct' connect 'destruction,' 'infrastructure,' and 'instruct'?",2
ROOT,subrogation (Latin),to substitute,right of subrogation,an insurer's right to step into the shoes of the insured after paying a claim,How does 'subrogation' prevent the insured from recovering twice for the same loss?,7
ROOT,sulcus (Latin),groove / furrow,sulci,the grooves between the gyri (folds) of the brain,How does 'sulcus' connect 'insula' (island in a brain groove) and 'sulcal' anatomy?,8
ROOT,sum / sumpt (Latin),to take / to use,consume,to take in completely,How does 'sumpt' shape the meaning of 'assume' and 'presume'?,5
ROOT,surfactant (Latin),surface-active,surfactant,a substance that reduces surface tension (as in the lungs),How does 'surf-' (surface) + 'act-' (active) + '-ant' (agent) describe surfactant's mechanism?,7
ROOT,symbiont (Greek),living together,symbiosis,a close ecological relationship between two species,How does 'sym-' (together) + 'bios' (life) define the spectrum from mutualism to parasitism in symbiosis?,6
ROOT,synapse (Greek),to clasp together,synaptic,relating to the gap between neurons where signals are transmitted,How does 'syn-' (together) + 'haptein' (to clasp) describe the synaptic connection?,5
ROOT,syndicate (French/Latin),a group of representatives,loan syndication,the process of distributing a large loan among a group of lenders,"What roles do the 'arranger,' 'agent,' and 'participant' play in a syndicated loan?",5
ROOT,systole (Greek),to contract,systolic pressure,the blood pressure during heart contraction,How does 'systole' (contraction) contrast with 'diastole' (relaxation) in the cardiac cycle?,6
ROOT,tang / tact (Latin),to touch,tangible,able to be touched,"How does 'tact' connect 'contact,' 'intact,' and 'tactile'?",4
ROOT,tangible (Latin),touchable,tangible net worth,the net value of a company's tangible assets after deducting liabilities,Why do lenders use 'tangible net worth' covenants rather than total net worth in loan agreements?,4
ROOT,tax / tact (Greek),to arrange / order,syntax,the arrangement of words in a sentence,How does 'tax' connect 'taxonomy' (arrangement of names) and 'tactics'?,5
ROOT,techne (Greek),skill / craft / art,technology,the application of craft/skill to practical ends,How does 'techne' shape the meaning of 'technical' and 'technique'?,4
ROOT,tela (Latin),web / tissue,tela choroidea,a thin vascular layer in the brain's ventricular roof,How does 'tela' (web) connect 'telangiectasia' (web-like dilated vessels) and 'tela subcutanea'?,9
ROOT,telomere (Greek),end part,telomerase,the enzyme that maintains and extends telomeres,How does 'telo-' (end) + '-mere' (part) describe the telomere's position at chromosome ends?,7
ROOT,temp (Latin),time,temporary,lasting only for a time,"How does 'temp' connect 'contemporary,' 'tempo,' and 'temporal'?",2
ROOT,ten / tin / tain (Latin),to hold,contain,to hold within,"How does 'tain' connect 'retain' (hold back), 'detain,' and 'sustain'?",4
ROOT,tender (Latin/Old French),to stretch out / to offer,tender offer,a public bid to acquire shares directly from shareholders at a stated price,How does a 'tender offer' differ from a negotiated merger in terms of shareholder choice?,4
ROOT,term (Latin),end / boundary,terminal,relating to an end point,"How does 'term' connect 'determine' (set the end), 'terminate,' and 'term'?",2
ROOT,terr (Latin),earth / land,terrain,a stretch of land,"How does 'terr' connect 'territory,' 'terrestrial,' and 'subterranean'?",2
ROOT,test (Latin),to witness / to attest,testify,to witness under oath,"How does 'test' connect 'testimony,' 'contest,' and 'protest'?",3
ROOT,testimony (Latin),witness / evidence,expert testimony,evidence given by a qualified expert on matters outside lay knowledge,What criteria govern the admissibility of 'expert testimony' under Daubert?,3
ROOT,thalamus (Greek),inner chamber / bridal chamber,thalamic,relating to the thalamus (the brain's central relay station),How does 'thalamus' (inner chamber) describe its role as the gateway to the cerebral cortex?,5
ROOT,theo (Greek),god,theology,the study of the nature of god,How does 'theo' connect 'atheist' (no god) and 'monotheism'?,3
ROOT,therm (Greek),heat,thermostat,a device for measuring and controlling heat,How does 'therm' connect 'hypothermia' and 'geothermal'?,2
ROOT,thorax (Greek),breastplate / chest,thoracic,relating to the thorax (chest cavity),"How does 'thorax' connect 'thoracotomy,' 'pneumothorax,' and 'thoracic vertebrae'?",4
ROOT,thrombus (Greek),clot / lump,thromboembolism,a clot that travels in the bloodstream and blocks a vessel,How does 'thrombus' connect 'thrombocyte' (clotting cell) and 'thrombolytics' (clot-busting drugs)?,6
ROOT,thymus (Greek),warty growth / soul,thymic,relating to the thymus gland (originally named for its lumpy appearance),"How does 'thymus' connect 'thymocyte,' 'thymosin,' and the thymus's immunological role?",6
ROOT,tibia (Latin),shin bone / flute,tibial,relating to the tibia (the main lower leg bone),How does 'tibia' connect 'tibialis anterior muscle' and the ancient use of the tibia as a flute?,5
ROOT,title (Latin),a right / an inscription,good and marketable title,a title free from undisclosed encumbrances and reasonably capable of transfer,What searches and investigations are conducted to verify 'good title' in a real estate acquisition?,2
ROOT,title (Latin/Old French),a right / an inscription,marketable title,a title to property that is reasonably free of defects and liens,How does 'marketable title' differ from 'insurable title' in real estate transactions?,2
ROOT,tors / tort (Latin),to twist,contort,to twist out of normal shape,"How does 'tort' connect 'distort,' 'tortuous' (full of twists), and 'torture'?",5
ROOT,tort (Latin/Old French),a wrong / a twist,tortfeasor,a person who commits a civil wrong,How does 'tort' liability differ from contractual liability in terms of the source of the duty?,4
ROOT,trabecula (Latin),little beam / bar,trabecular,relating to a network of small supporting beams in tissue,How does 'trabecula' connect 'trabecular bone' and 'trabecular meshwork' (in the eye)?,8
ROOT,tract (Latin),to pull / to drag,attract,to pull toward,"How does 'tract' connect 'extract' (pull out), 'contract,' and 'distract'?",3
ROOT,trade (Old English/Germanic),a track / a course of business,trade credit,the extension of credit by a supplier to a buyer between invoice and payment,How does 'trade credit' insurance protect suppliers against buyer insolvency?,1
ROOT,trademark (Middle English/Latin),a mark of trade,trademark infringement,unauthorized use of a mark likely to cause consumer confusion,How does 'trademark' (source identifier) differ from 'copyright' (creative expression) protection?,3
ROOT,transaction (Latin),to carry through,arm's length transaction,a deal negotiated by parties acting independently with no special relationship,Why is the 'arm's length' principle central to transfer pricing in international tax?,3
ROOT,transduction (Latin),to lead across,signal transduction,the process of converting an extracellular signal into a cellular response,How does 'trans-' (across) + 'ducere' (to lead) describe the process of signal transduction?,7
ROOT,transfer (Latin),to carry across,transfer pricing,the setting of prices for transactions between related companies in different tax jurisdictions,How does 'transfer pricing' create opportunities for profit shifting to low-tax jurisdictions?,2
ROOT,tribut (Latin),to give / to grant,contribute,to give together toward a cause,How does 'tribut' connect 'distribute' (give out) and 'attribute'?,4
ROOT,trop (Greek),turn / change,tropical,relating to the region where the sun turns (solstice),How does 'trop' shape the meaning of 'entropy' (a turning into disorder)?,5
ROOT,trophoblast (Greek),feeding sprout,trophoblastic,relating to the trophoblast (the outer cell layer of an embryo that nourishes it),How does 'tropho-' (feeding) + '-blast' (sprout/bud) describe the trophoblast's embryological function?,9
ROOT,trustee (Old French/Germanic),one entrusted,trustee in bankruptcy,the officeholder who administers a bankrupt's estate for creditors,How does a 'trustee in bankruptcy' differ from a 'liquidator' of an insolvent company?,4
ROOT,tubulin (Latin),small tube,tubulinopathy,a disease caused by mutations in tubulin proteins of the cytoskeleton,"How does 'tubulin' (small tube) connect microtubules, cilia, and the mitotic spindle?",9
ROOT,turb (Latin),to disturb / to throw into confusion,turbulent,in a state of disorder,"How does 'turb' connect 'disturb,' 'perturb,' and 'turbine'?",5
ROOT,tympanum (Greek),drum,tympanoplasty,surgical reconstruction of the eardrum,How does 'tympanum' (drum) describe both the eardrum and the architectural tympanum above a door?,7
ROOT,typ (Greek),impression / model,typical,conforming to a type or model,"How does 'typ' connect 'typeface,' 'archetype,' and 'stereotype'?",3
ROOT,ulna (Latin),elbow / arm,ulnar,relating to the ulna (the inner forearm bone),"How does 'ulna' connect 'ulnar nerve,' 'cubitus' (elbow — same bone), and 'ulnar deviation'?",5
ROOT,ultima (Latin),last / farthest,ultimate,the last or greatest point,How does 'ultima' shape the meaning of 'ultimatum'?,5
ROOT,umbilicus (Latin),navel,umbilical,relating to the navel and umbilical cord,"How does 'umbilicus' connect 'umbilicate' (having a navel-like depression) and 'omphalos' (same meaning, Greek)?",5
ROOT,unconscionable (Latin),without conscience,unconscionable bargain,a contract so unfair that no reasonable person would have agreed to it,What procedural and substantive elements combine to make a contract 'unconscionable'?,5
ROOT,und (Latin),wave / water,inundate,to flood with waves,How does 'und' connect 'undulate' (to move in waves) and 'abound'?,5
ROOT,underwrite (Old English/Latin),to write under / to subscribe,underwriting agreement,a contract by which an investment bank agrees to purchase unsold shares in an offering,How does the 'firm commitment' underwriting model differ from the 'best efforts' model?,5
ROOT,unilateral (Latin),one-sided,unilateral contract,a contract formed by an offer that can only be accepted by performance,How does a 'unilateral' contract differ from a 'bilateral' contract in terms of acceptance?,4
ROOT,urb (Latin),city,urban,relating to a city,How does 'urb' connect 'suburban' (under / near the city) and 'urbanize'?,3
ROOT,urethra (Greek),urinary canal,urethritis,inflammation of the urethra,How does 'urethra' differ from 'ureter' anatomically and etymologically?,5
ROOT,usury (Latin),use / interest on money,usury laws,statutes capping the maximum lawful interest rate on loans,How do 'usury' laws balance the protection of borrowers against the freedom of contract?,6
ROOT,uvula (Latin),little grape,uvulitis,inflammation of the uvula,How does 'uvula' (little grape) describe the appearance of this soft palate structure?,6
ROOT,vac (Latin),empty,vacant,being empty,"How does 'vac' connect 'vacuum,' 'evacuate' (make empty), and 'vacation'?",3
ROOT,vacuole (Latin),empty space,vacuolation,the formation of vacuoles within a cell,How does 'vacuole' (empty space) connect 'autophagy' (the vacuole's digestive role) and 'contractile vacuole'?,5
ROOT,vagus (Latin),wandering,vagotomy,surgical cutting of the vagus nerve,How does 'vagus' (wandering) describe the vagus nerve's extensive path through the body?,6
ROOT,val (Latin),strong / worth,value,the worth or importance of something,"How does 'val' connect 'valid,' 'equivalent' (of equal worth), and 'valor'?",3
ROOT,valuation (Latin),to be worth / to be strong,pre-money valuation,the value attributed to a company before a new round of investment,How does 'pre-money valuation' affect the equity stake received by new investors?,3
ROOT,vas (Latin),vessel / duct,vasectomy,surgical cutting of the vas deferens,"How does 'vas' connect 'vascular,' 'vasodilation,' and 'extravasation' (leaking out of vessels)?",5
ROOT,ven / vent (Latin),to come,convention,a coming together of people,"How does 'vent' connect 'invent' (come upon), 'prevent,' and 'advent'?",3
ROOT,ventricle (Latin),little belly,ventricular,relating to the heart's pumping chambers or the brain's fluid-filled cavities,How does 'ventriculus' (little belly) describe both the heart ventricles and the gastric ventricle?,4
ROOT,venture (Latin/Old French),to come / to risk,venture capital,risk capital provided to early-stage companies in exchange for equity,How does 'venture capital' differ from 'private equity' in terms of stage and structure of investment?,3
ROOT,ver (Latin),true,verify,to prove something is true,"How does 'ver' connect 'verdict' (true word), 'verity,' and 'verisimilitude'?",3
ROOT,verb (Latin),word,verbal,relating to words,How does 'verb' connect 'verbose' (too wordy) and 'proverb'?,2
ROOT,verdict (Latin),truly said,general verdict,a jury's finding simply for the plaintiff or defendant without special findings,How does a 'general verdict' differ from a 'special verdict' in terms of jury deliberation?,3
ROOT,vers / vert (Latin),to turn,convert,to turn toward a new belief or use,"How does 'vert' connect 'invert,' 'divert,' and 'adversary' (one who turns against)?",3
ROOT,vesicle (Latin),little bladder / blister,vesicular transport,the movement of molecules in membrane-bound sacs,How does 'vesicle' connect 'vesicular stomatitis' (blistering mouth disease) and 'exocytosis'?,6
ROOT,vest (Latin),to clothe / to dress,invest,to clothe (funds) with potential / to dress in a role,How does 'vest' connect 'divest' (to undress of assets) and 'vestment'?,5
ROOT,vest (Latin),to clothe / to grant,vesting schedule,the timeline over which an employee's rights to equity awards become irrevocable,How does a 'cliff vesting' schedule differ from 'graded vesting' in incentive plans?,5
ROOT,villus (Latin),shaggy hair / tuft,villous,covered with villi (as in intestinal villi that absorb nutrients),How does 'villus' (shaggy hair) describe the structure of intestinal villi and chorionic villi?,7
ROOT,vis / vid (Latin),to see,visible / video,able to be seen / moving images,"How does the root 'vis' connect 'vision,' 'invisible,' and 'supervise'?",2
ROOT,vit / viv (Latin),life / to live,revive,to bring back to life,"How does 'vit' connect 'vital,' 'vitamin,' and 'vivid' (fully alive with color)?",3
ROOT,vitreous (Latin),glass / glassy,vitreous humor,the transparent gel filling the eye behind the lens,"How does 'vitreous' (glassy) connect 'in vitro' (in glass), 'vitrification,' and 'vitreous chamber'?",7
ROOT,voc / vok (Latin),voice / to call,vocal,relating to the voice,"How does 'voc' connect 'advocate' (one who calls for), 'invoke,' and 'evoke'?",3
ROOT,void (Latin/Old French),empty / without legal effect,voidable preference,a payment to a creditor within a suspect period before insolvency that may be reversed,How does a trustee in bankruptcy challenge a 'voidable preference' payment?,3
ROOT,void (Old French/Latin),empty / without effect,void ab initio,a contract or act that is legally null from its very beginning,What distinguishes a 'void' contract from a 'voidable' contract in terms of who can rescind?,3
ROOT,vol (Latin),will / wish,voluntary,done of one's own will,"How does 'vol' connect 'volunteer,' 'benevolent,' and 'malevolent'?",4
ROOT,volv / volu (Latin),to roll / to turn,revolve,to roll/turn around a center,"How does 'volv' connect 'evolve' (roll out), 'involve,' and 'revolution'?",4
ROOT,vor (Latin),to eat / to devour,voracious,devouring food eagerly,"How does 'vor' connect 'carnivore,' 'herbivore,' and 'omnivore'?",4
ROOT,waiver (Old French/Latin),to abandon / to give up,waiver of rights,the voluntary relinquishment of a known right,How can a party's conduct amount to an implied 'waiver' of a contractual right?,4
ROOT,ward (Old English/Germanic),guardian / protection,ward of court,a person (often a minor or incapacitated adult) placed under the protection of a court,What decisions require court approval when a person is a 'ward of court'?,4
ROOT,warrant (Old French/Germanic),to guarantee / to authorize,share warrant,a long-term option issued by a company entitling the holder to subscribe for shares,How does a 'share warrant' differ from an exchange-traded call option?,4
ROOT,warranty (Old French/Germanic),a pledge / a guarantee,express warranty,a seller's explicit promise about the nature or quality of goods,How does an 'express warranty' create liability that a mere sales puff does not?,3
ROOT,will (Old English),wish / desire / testament,testamentary capacity,the mental ability required to make a valid will,What four elements constitute 'testamentary capacity' under the Banks v Goodfellow test?,2
ROOT,winding up (Old English/Germanic),to coil / to bring to an end,winding up order,a court order requiring a company to cease operations and liquidate its assets,What are the grounds on which a court may make a 'winding up order'?,5
ROOT,writ (Old English),something written,prerogative writ,"a royal or constitutional order to an inferior court or public body (e.g., mandamus, certiorari)","How do the prerogative 'writs' of mandamus, prohibition, and certiorari differ in scope?",4
ROOT,write-off (Old English),to strike from the record,impairment write-off,a charge reducing the carrying value of an asset to its recoverable amount,How does an 'impairment write-off' affect a company's earnings per share and book value?,4
ROOT,yield (Old English),to produce / to give up,yield to maturity (YTM),the total return anticipated on a bond if held until it matures,How does 'yield to maturity' differ from the coupon rate in measuring a bond's true return?,3
ROOT,zo (Greek),animal / living being,zoology,the study of animals,"How does 'zo' connect 'zoo,' 'zodiac' (circle of animals), and 'protozoa'?",3
ROOT,zymogen (Greek),ferment + producing,zymogen,an inactive enzyme precursor that requires cleavage to become active,How does 'zymo-' (ferment/enzyme) + '-gen' (producing) describe the zymogen as an enzyme before activation?,9
PREFIX,after-,after / following,aftermath,the result following an event,How does 'after-' in 'afterthought' change the timing of thinking?,3
PREFIX,agro-,field / agriculture,agronomy,science of crop production,What does 'agro-' suggest about the study of 'agrobiology'?,5
PREFIX,alto-,high,altocumulus,high-level cloud type,How does 'alto-' help identify the altitude of a cloud type?,6
PREFIX,amphi-,both / around,amphibian,lives in water and on land,What does 'amphi-' tell you about an 'amphitheater'?,4
PREFIX,ana-,up / back / again,anatomy,cutting up the body for study,How does 'ana-' shape the meaning of 'anagram'?,4
PREFIX,anglo-,English / British,Anglo-Saxon,relating to early English peoples,How does 'Anglo-' function in 'Anglo-American relations'?,5
PREFIX,aniso-,unequal / dissimilar,anisotropic,having different properties in different directions,How does 'aniso-' contrast with 'iso-' in scientific terminology?,7
PREFIX,antero-,front / before,anteroom,a room before the main room,How does 'antero-' locate something in space?,7
PREFIX,anthropo-,human being,anthropology,the study of humans,How does 'anthropo-' differ from 'homo-' in meaning?,5
PREFIX,aqua-,water,aquamarine,blue-green color of sea water,How does 'aqua-' differ from 'hydro-' in usage?,3
PREFIX,astro-,star / space,astronaut,space traveler,How does 'astro-' relate to 'aster' and 'stellar'?,3
PREFIX,audio-,hearing / sound,audiobook,a book read aloud,What does 'audio-' tell you about 'audiovisual'?,3
PREFIX,aut-,self (before vowel),autism,condition marked by self-focus,How does 'aut-' relate to 'auto-' in meaning?,5
PREFIX,back-,behind / return,backfire,to rebound negatively,How does 'back-' change meaning in 'backtrack' versus 'backfire'?,3
PREFIX,baro-,pressure / weight,barometer,instrument measuring air pressure,What does 'baro-' tell you about 'barotitis'?,6
PREFIX,batho-,depth,bathometry,measurement of ocean depth,How does 'batho-' relate to 'bathy-' in scientific terms?,8
PREFIX,bathy-,deep,bathyscaphe,deep-sea research vessel,How does 'bathy-' describe the function of a 'bathysphere'?,7
PREFIX,biblio-,book,bibliography,a list of books and sources,What does 'biblio-' reveal about the word 'bibliophile'?,5
PREFIX,bio-,life,biology,the study of living things,How does 'bio-' connect 'biography' and 'biosphere'?,2
PREFIX,cardi-,heart,cardiology,study of the heart,How does 'cardi-' function in 'cardiovascular'?,4
PREFIX,centro-,center,centromere,center region of a chromosome,How does 'centro-' specify location in biological terms?,7
PREFIX,chrono-,time,chronology,arrangement of events by time,How does 'chrono-' relate to 'chron' as a root?,4
PREFIX,cine-,movement / film,cinematography,the art of filming motion pictures,How does 'cine-' connect motion to the word 'cinema'?,5
PREFIX,clim-,slope / region / climate,climatology,the study of climate,How does 'clim-' relate to concepts of geography and weather?,6
PREFIX,com-,together / with (before b/m/p),combine,to bring together,How does 'com-' shift meaning compared to 'con-' in 'compare' vs 'connect'?,3
PREFIX,cosmo-,universe / world,cosmopolitan,belonging to all of the world,How does 'cosmo-' in 'cosmology' differ from 'geo-' in scope?,5
PREFIX,counter-,against / opposing,counteract,to act against something,How does 'counter-' differ from 'anti-' in usage?,3
PREFIX,demo-,people,democracy,government by the people,How does 'demo-' connect 'demographics' and 'epidemic'?,4
PREFIX,derma-,skin,dermatology,study of the skin,How does 'derma-' relate to '-derm' as a suffix?,4
PREFIX,down-,lower / reducing,downgrade,to reduce in rank or quality,How does 'down-' function differently in 'download' versus 'downfall'?,3
PREFIX,eco-,environment / house,ecosystem,a community of interacting organisms,How does 'eco-' root in 'house' relate to 'economy' and 'ecology'?,3
PREFIX,electro-,electricity / electron,electrolysis,chemical decomposition by electric current,How does 'electro-' describe the mechanism in 'electrocardiogram'?,4
PREFIX,embryo-,embryo / developing,embryology,study of embryos,How does 'embryo-' describe the stage of 'embryogenesis'?,6
PREFIX,entomo-,insect,entomology,the study of insects,What does 'entomo-' tell you about an 'entomophagous' organism?,7
PREFIX,etho-,custom / character / behavior,ethology,study of animal behavior,How does 'etho-' in 'ethology' differ from 'ethos' as a concept?,7
PREFIX,ethno-,race / people / culture,ethnography,descriptive study of a culture,How does 'ethno-' shape the meaning of 'ethnocentrism'?,5
PREFIX,eury-,wide / broad,eurythermal,tolerating a wide range of temperatures,How does 'eury-' contrast with 'steno-' in biological tolerance?,8
PREFIX,ferri- / ferro-,iron,ferromagnetic,strongly attracted to magnets like iron,How does 'ferro-' in 'ferroelectric' relate to iron's properties?,6
PREFIX,feto-,fetus,fetology,branch of medicine studying the fetus,How does 'feto-' specify a stage of development?,7
PREFIX,fibro-,fiber / fibrous tissue,fibromyalgia,pain in fibrous tissues and muscles,How does 'fibro-' describe the tissue involved in 'fibrosis'?,6
PREFIX,franco-,French,francophone,French-speaking person or region,How does 'franco-' function in 'Franco-German relations'?,6
PREFIX,galacto-,milk,galactose,a sugar found in milk,How does 'galacto-' connect milk to 'galaxy' etymologically?,7
PREFIX,gamo-,marriage / union,gamogenesis,reproduction by union of gametes,How does 'gamo-' relate to '-gamy' as a suffix?,7
PREFIX,geo-,earth,geology,the study of Earth's structure,How does 'geo-' function in 'geography' versus 'geometry'?,2
PREFIX,gero- / geronto-,old age,gerontology,the study of aging,How does 'gero-' describe the focus of 'gerontocracy'?,6
PREFIX,gluco-,glucose / sugar,glucocorticoid,steroid that regulates glucose metabolism,How does 'gluco-' differ from 'glyco-' in usage?,6
PREFIX,glyco-,sugar / sweet,glycoprotein,a protein with attached sugar chains,How does 'glyco-' relate to 'glucose' and 'glycogen'?,5
PREFIX,gymno-,naked / bare,gymnosperm,plant with seeds not enclosed in fruit,How does 'gymno-' describe the seed structure of conifers?,7
PREFIX,gyneco-,woman / female,gynecology,medical study of the female reproductive system,How does 'gyneco-' contrast with 'andro-' in meaning?,5
PREFIX,haemo- / hemo-,blood,haemoglobin,oxygen-carrying protein in blood,How does 'haemo-' relate to '-emia' as a suffix?,4
PREFIX,halo-,salt / sea,halophyte,plant that thrives in salty conditions,How does 'halo-' describe the habitat in 'halotolerant'?,6
PREFIX,hecto-,hundred,hectare,unit of area equal to 100 ares,How does 'hecto-' compare to 'centi-' in the metric system?,5
PREFIX,herpeto-,reptile / creeping,herpetology,study of reptiles and amphibians,What does 'herpeto-' reveal about the original meaning of the word 'herpes'?,7
PREFIX,hetero-,different / other,heterogeneous,made of different kinds,How does 'hetero-' contrast with 'homo-' in 'heterosexual'?,4
PREFIX,holo-,whole / complete,hologram,complete three-dimensional image,How does 'holo-' in 'holocaust' reflect the original Greek meaning?,5
PREFIX,ichthyo-,fish,ichthyology,the study of fish,What does 'ichthyo-' tell you about an 'ichthyosaur'?,7
PREFIX,ideo-,idea / image,ideology,a system of ideas and ideals,How does 'ideo-' in 'ideogram' reflect thought-representation?,6
PREFIX,immuno-,immune / protection,immunology,study of the immune system,How does 'immuno-' describe the mechanism of 'immunotherapy'?,5
PREFIX,kilo-,thousand,kilometer,one thousand meters,How does 'kilo-' function in the metric system relative to 'mega-'?,3
PREFIX,kinesi-,movement,kinesiology,study of body movement,How does 'kinesi-' relate to 'kine-' and '-kinesis'?,6
PREFIX,laparo-,abdomen / flank,laparoscopy,examination inside the abdomen,How does 'laparo-' specify the region in 'laparotomy'?,7
PREFIX,laryngo-,larynx / throat,laryngoscopy,visual examination of the larynx,How does 'laryngo-' locate the site of 'laryngitis'?,7
PREFIX,lepto-,thin / slender,leptocephalic,having a narrow head,How does 'lepto-' contrast with 'brachy-' in describing shape?,8
PREFIX,lexico-,word / vocabulary,lexicography,the practice of compiling dictionaries,How does 'lexico-' describe the focus of 'lexicology'?,6
PREFIX,limno-,lake / freshwater,limnology,the study of freshwater bodies,How does 'limno-' differ from 'hydro-' in focus?,7
PREFIX,logo-,word / reason / study,logomania,obsessive interest in words,How does 'logo-' relate to '-logy' as a combining form?,5
PREFIX,lute-,yellow,luteotrophic,stimulating the corpus luteum,How does 'lute-' describe the color of the corpus luteum?,8
PREFIX,magneto-,magnet / magnetic,magnetosphere,region of Earth dominated by its magnetic field,How does 'magneto-' describe the cause of 'magnetism'?,6
PREFIX,mammo-,breast,mammography,X-ray imaging of the breast,How does 'mammo-' in 'mammary' link to the word 'mammal'?,6
PREFIX,masto-,breast / nipple,mastectomy,surgical removal of a breast,How does 'masto-' relate to 'mammo-' in medical terminology?,6
PREFIX,mega- / megalo-,great / large,megalopolis,a very large city or urban complex,How does 'megalo-' in 'megalomania' describe the scale of delusion?,5
PREFIX,melano-,black / dark,melanoma,cancer arising from melanin-producing cells,How does 'melano-' describe the pigment 'melanin'?,5
PREFIX,milli-,thousandth / thousand,millimeter,one thousandth of a meter,How does 'milli-' contrast with 'kilo-' in the metric system?,3
PREFIX,morpho-,form / shape,morphology,study of the form and structure of organisms,How does 'morpho-' describe the focus of 'morphogenesis'?,5
PREFIX,myo-,muscle,myocardium,the heart muscle,How does 'myo-' describe the tissue involved in 'myopathy'?,5
PREFIX,nano-,billionth / extremely small,nanotechnology,technology on an atomic scale,How does 'nano-' in 'nanometer' describe scale?,4
PREFIX,naturo-,nature / natural,naturopathy,treatment based on natural remedies,How does 'naturo-' reflect the philosophy of 'naturopathic' medicine?,6
PREFIX,nitro-,nitrogen / nitric acid,nitroglycerine,a powerful explosive compound,How does 'nitro-' describe the chemical composition in 'nitrogen'?,6
PREFIX,nomo-,law / custom,nomology,the science of law or physical laws,How does 'nomo-' relate to '-nomy' as a suffix?,7
PREFIX,normo-,normal / standard,normotensive,having normal blood pressure,How does 'normo-' contrast with 'hyper-' and 'hypo-' in medical terms?,6
PREFIX,nucleo-,nucleus,nucleotide,a building block of DNA and RNA,How does 'nucleo-' describe the component in 'nucleoplasm'?,5
PREFIX,octo- / octa-,eight,octopus,eight-limbed sea creature,How does 'octo-' function in both 'octagon' and 'October'?,4
PREFIX,ophthalmо-,eye,ophthalmology,study of the eye and its diseases,How does 'ophthalmo-' relate to 'ocul-' in meaning?,6
PREFIX,oro-,mouth,oropharynx,the middle part of the throat behind the mouth,How does 'oro-' specify location in 'orotracheal'?,7
PREFIX,osmo-,push / smell / osmosis,osmosis,movement of solvent through a membrane,How does 'osmo-' describe the process in 'osmoregulation'?,6
PREFIX,oto-,ear,otoscope,instrument used to examine the ear,How does 'oto-' locate the condition in 'otitis'?,6
PREFIX,ovi-,egg,oviparous,producing young by means of eggs,How does 'ovi-' relate to 'ov-' and 'oocyte' in reproductive biology?,6
PREFIX,paedo- / pedo-,child,pediatrics,medical care of children,How does 'paedo-' in 'pedagogy' relate to the teaching of children?,5
PREFIX,palaeo- / paleo-,old / ancient,paleontology,study of ancient life through fossils,How does 'palaeo-' in 'paleoanthropology' specify the time period?,5
PREFIX,pedago-,leading a child / teaching,pedagogy,the practice and theory of teaching,How does 'pedago-' reflect the etymology of 'teaching'?,6
PREFIX,peno-,punishment,penology,study of punishment and prison systems,How does 'peno-' relate to 'penal' in meaning?,7
PREFIX,petro-,rock / stone / petroleum,petrology,the study of rocks,How does 'petro-' in 'petroleum' and 'petrify' reflect its meaning?,5
PREFIX,pharma-,drug / medicine,pharmacology,study of drugs and their effects,How does 'pharma-' in 'pharmacy' relate to 'pharmaceutical'?,4
PREFIX,philo-,loving / fond of,philosophy,love of wisdom,How does 'philo-' in 'philanthropist' describe motivation?,4
PREFIX,phono-,sound / voice,phonology,study of speech sounds,How does 'phono-' in 'phonograph' relate to 'phone' as a root?,4
PREFIX,photo-,light,photograph,an image captured by light,How does 'photo-' in 'photosynthesis' describe the energy source?,2
PREFIX,physio-,nature / body / physical,physiology,study of the body's functions,How does 'physio-' in 'physiotherapy' reflect its meaning?,4
PREFIX,pneumato-,breath / spirit / air,pneumatology,study of spiritual beings,How does 'pneumato-' relate to 'pneumo-' in usage?,7
PREFIX,poli-,city,politics,the affairs of a city or state,How does 'poli-' in 'metropolis' and 'cosmopolitan' reflect city life?,4
PREFIX,porno-,prostitute / writing about,pornography,explicit sexual material,How does understanding 'porno-' etymologically explain the '-graphy' component?,8
PREFIX,porto-,door / gate,portal,a doorway or entrance,How does 'porto-' relate to the root 'port' in 'portal' and 'portcullis'?,7
PREFIX,proprio-,one's own,proprioception,sense of one's own body position,How does 'proprio-' describe what 'proprioceptors' detect?,7
PREFIX,psycho-,mind / soul,psychology,the study of the mind and behavior,How does 'psycho-' in 'psychosomatic' link mind to body?,3
PREFIX,ptero-,wing,pterodactyl,winged reptile of the Mesozoic era,How does 'ptero-' describe the defining feature of 'pterosaurs'?,7
PREFIX,recto-,rectum / straight,rectocele,protrusion of the rectum into the vagina,How does 'recto-' specify the organ in 'rectoscopy'?,7
PREFIX,rhino-,nose,rhinoplasty,surgical reshaping of the nose,How does 'rhino-' describe the animal 'rhinoceros'?,5
PREFIX,rhizo-,root,rhizome,a horizontal underground plant stem,How does 'rhizo-' describe the structure of a 'rhizoid'?,7
PREFIX,scleро-,hard / hardening,sclerosis,abnormal hardening of body tissue,How does 'sclero-' describe what happens in 'arteriosclerosis'?,6
PREFIX,seismo-,earthquake / tremor,seismology,the study of earthquakes,How does 'seismo-' describe the phenomenon studied in 'seismography'?,6
PREFIX,silico-,silicon,silicosis,lung disease from inhaling silica dust,How does 'silico-' describe the causative agent in 'silicone'?,6
PREFIX,sino-,Chinese / sinus,Sino-Japanese,relating to China and Japan,How does 'sino-' function in geopolitical terms like 'Sino-American'?,6
PREFIX,socio-,society / social,sociology,the study of human society,How does 'socio-' in 'socioeconomic' combine social and economic factors?,4
PREFIX,sono-,sound,sonar,sound navigation and ranging,How does 'sono-' in 'sonogram' describe the imaging method?,5
PREFIX,spectro-,spectrum / appearance,spectroscopy,analysis of light spectra,How does 'spectro-' describe the tool used in 'spectrometry'?,6
PREFIX,spiro-,breath / coil,spirometry,measurement of lung capacity,How does 'spiro-' describe both breathing and the spiral shape of 'spirochetes'?,6
PREFIX,sym- / syn-,together / with,synchronize,to make happen at the same time,How does 'syn-' in 'synthesis' describe the combining process?,4
PREFIX,termino-,boundary / term / end,terminology,the body of terms used in a subject,How does 'termino-' relate to 'term-' as a root?,7
PREFIX,tetra-,four,tetrahedron,a four-faced three-dimensional shape,How does 'tetra-' in 'tetrapod' describe the defining feature of land vertebrates?,5
PREFIX,thermo-,heat / temperature,thermometer,instrument for measuring temperature,How does 'thermo-' in 'thermodynamics' describe energy transfer?,3
PREFIX,tri-,three,triangle,a three-sided figure,How does 'tri-' in 'triceratops' describe the dinosaur's defining feature?,2
PREFIX,turbo-,spinning / whirl,turbine,a machine turned by moving fluid,How does 'turbo-' in 'turbulence' describe motion?,5
PREFIX,zoo-,animal,zoology,the study of animals,How does 'zoo-' in 'zoonosis' describe the source of the disease?,3
PREFIX,zymo-,fermentation / enzyme,zymology,the study of fermentation,How does 'zymo-' relate to '-zyme' as a suffix?,7
SUFFIX,-ac,pertaining to (adjective),cardiac,pertaining to the heart,How does '-ac' in 'cardiac' function the same as '-al' in other adjectives?,5
SUFFIX,-acea / -aceae,belonging to a group (taxonomy),Rosaceae,the plant family containing roses,How does '-aceae' identify a plant family in botanical classification?,7
SUFFIX,-acious,inclined to / full of,tenacious,holding firmly; persistent,How does '-acious' in 'audacious' express inclination?,5
SUFFIX,-acity,quality of being -acious,tenacity,the quality of being persistent,How does '-acity' convert an adjective like 'tenacious' into a noun?,5
SUFFIX,-ad,toward / in the direction of,cephalad,toward the head,How does '-ad' in 'caudad' specify anatomical direction?,7
SUFFIX,-aholic / -oholic,compulsive desire for,workaholic,a person addicted to work,How did '-aholic' emerge from 'alcoholic' and what does it add to words?,5
SUFFIX,-aire,a person having a quality/thing,millionaire,a person with at least a million dollars,How does '-aire' in 'questionnaire' differ from its use in 'billionaire'?,5
SUFFIX,-an / -ian,of / relating to / one who,librarian,one who works in a library,How does '-an' in 'American' and '-ian' in 'vegetarian' denote membership?,2
SUFFIX,-ance / -ancy,state / quality / action,brilliance,the quality of being brilliant,How does '-ance' in 'acceptance' denote a state versus '-ancy' in 'buoyancy'?,3
SUFFIX,-androus,having male parts / male,polyandrous,having multiple male partners or stamens,How does '-androus' contrast with '-gynous' in botanical terms?,8
SUFFIX,-ane,hydrocarbon / chemical compound,methane,a simple one-carbon hydrocarbon gas,How does '-ane' in 'propane' indicate chemical structure?,5
SUFFIX,-ant / -ent (noun),one who / that which,servant,one who serves,How does '-ant' in 'lubricant' describe function versus '-ant' in 'consultant'?,3
SUFFIX,-ar,of / relating to,muscular,relating to or having muscles,How does '-ar' in 'vascular' function similarly to '-al'?,4
SUFFIX,-ard / -art,one who does something to excess,drunkard,one who drinks excessively,How does '-ard' in 'braggart' convey negative excess?,5
SUFFIX,-arian,believer in / person of,humanitarian,a person devoted to human welfare,How does '-arian' in 'sectarian' indicate group affiliation?,5
SUFFIX,-arium / -orium,place for / container,aquarium,a place for keeping water animals,How does '-arium' in 'planetarium' describe the purpose of the space?,5
SUFFIX,-ate (verb),to make / cause,activate,to make active,How does '-ate' in 'liberate' describe the action it creates?,3
SUFFIX,-ation,act / process / state,creation,the act of bringing something into existence,How does '-ation' in 'federation' differ in meaning from '-ation' in 'mutation'?,2
SUFFIX,-ative,tending to / relating to,talkative,tending to talk a great deal,How does '-ative' in 'creative' express a tendency?,4
SUFFIX,-ator,one who / that which does,generator,a machine that generates power,How does '-ator' in 'mediator' describe a role?,4
SUFFIX,-atory,relating to / place for,observatory,a place for observing stars,How does '-atory' in 'laboratory' and 'oratory' specify function?,5
SUFFIX,-cle / -ule,small (diminutive),particle,a very small piece or amount,How does '-cle' in 'article' and '-ule' in 'capsule' convey smallness?,5
SUFFIX,-ed (adjective),having / characterized by,bearded,having a beard,How does '-ed' in 'talented' form a different meaning from the past tense '-ed'?,2
SUFFIX,-eer,one who works with / one engaged in,engineer,one who designs or builds engines,How does '-eer' in 'volunteer' and 'pioneer' indicate a role?,5
SUFFIX,-elle,small (French diminutive),organelle,a small organ within a cell,How does '-elle' in 'platelet' relate to the diminutive suffix?,6
SUFFIX,-en (verb),to make / become,frighten,to make afraid,How does '-en' in 'strengthen' create a causative verb?,3
SUFFIX,-en (adjective),made of / resembling,golden,made of or resembling gold,How does '-en' in 'wooden' indicate material?,3
SUFFIX,-ence / -ency,state / quality / degree,fluency,the quality of speaking smoothly,How does '-ence' in 'preference' describe a state versus '-ency' in 'efficiency'?,3
SUFFIX,-eous / -ious,having the nature of,courageous,having or showing courage,How does '-eous' in 'gorgeous' differ from '-ious' in 'glorious'?,4
SUFFIX,-er (comparative),more (adjective),faster,moving at a greater speed,How does comparative '-er' in 'smarter' differ from agent '-er' in 'teacher'?,2
SUFFIX,-escence,process of becoming / state,adolescence,the process of becoming an adult,How does '-escence' in 'luminescence' describe a gradual process?,6
SUFFIX,-escent,becoming / slightly,adolescent,becoming an adult; a young person,How does '-escent' in 'fluorescent' describe an ongoing state?,6
SUFFIX,-ese,language / people / style of,Japanese,"relating to Japan, its people or language",How does '-ese' in 'journalese' create a dismissive register?,4
SUFFIX,-eur / -euse,one who (French agent),chauffeur,a person employed to drive a car,How does '-eur' differ from '-er' and '-or' in its origin?,6
SUFFIX,-ferous,bearing / producing / containing,coniferous,"bearing cones, as in pine trees",How does '-ferous' in 'somniferous' describe what it produces?,6
SUFFIX,-fic,making / causing / producing,horrific,causing horror,How does '-fic' in 'pacific' and 'specific' reflect its Latin origin?,5
SUFFIX,-fy / -ify,to make / to cause to become,glorify,to make glorious,How does '-ify' in 'magnify' describe transformation?,3
SUFFIX,-gram,something written or drawn,telegram,a message sent by telegraph,How does '-gram' in 'electrocardiogram' describe the output?,3
SUFFIX,-graph,instrument that writes / something written,photograph,an image captured by light,How does '-graph' in 'seismograph' describe the recording device?,4
SUFFIX,-graphy,process of recording / writing,biography,the written story of someone's life,How does '-graphy' in 'cinematography' describe the technique?,3
SUFFIX,-hedron,a solid geometric figure with faces,tetrahedron,a four-faced geometric solid,How does '-hedron' in 'polyhedron' specify its three-dimensional nature?,6
SUFFIX,-ible,capable of / worthy of,flexible,capable of bending easily,How does '-ible' in 'audible' describe a capability?,3
SUFFIX,-ician,a specialist in,physician,a doctor who specializes in medicine,How does '-ician' in 'mathematician' denote expertise?,4
SUFFIX,-ics,study / science / practice of,linguistics,the scientific study of language,How does '-ics' in 'athletics' and 'robotics' describe fields of practice?,3
SUFFIX,-id,having the nature of / resembling,fluid,having the nature of flowing freely,How does '-id' in 'humid' and 'torrid' describe a quality?,5
SUFFIX,-ify,to make / cause to be,terrify,to cause to feel terror,How does '-ify' in 'simplify' describe transformation?,3
SUFFIX,-ile,capable of / relating to,mobile,capable of moving,How does '-ile' in 'agile' and 'fertile' indicate capability?,4
SUFFIX,-ine,relating to / chemical compound,marine,relating to the sea,How does '-ine' in 'adrenaline' and 'crystalline' differ in usage?,4
SUFFIX,-ious,full of / having,infectious,full of infection; causing disease,How does '-ious' in 'ambitious' describe a quality?,3
SUFFIX,-ism (movement),movement / doctrine / practice,capitalism,economic system based on private ownership,How does '-ism' in 'nationalism' describe a movement?,3
SUFFIX,-istic,relating to a practice or doctrine,realistic,relating to realism,How does '-istic' in 'optimistic' combine '-ist' and '-ic'?,4
SUFFIX,-ite,a follower / a mineral / an inhabitant,granite,a hard crystalline rock,How does '-ite' in 'Israelite' and 'graphite' function differently?,5
SUFFIX,-itude,state / quality of,gratitude,the state of being thankful,How does '-itude' in 'magnitude' and 'fortitude' create abstract nouns?,5
SUFFIX,-ity,state / quality / condition of,clarity,the state of being clear,How does '-ity' in 'electricity' and 'ability' create abstract nouns from adjectives?,2
SUFFIX,-ium,chemical element / tissue / place,calcium,a chemical element essential for bones,How does '-ium' in 'auditorium' differ from its use in 'uranium'?,5
SUFFIX,-let,small / unimportant,droplet,a very small drop,How does '-let' in 'booklet' and 'piglet' function as a diminutive?,4
SUFFIX,-like,resembling / characteristic of,childlike,resembling or having the qualities of a child,How does '-like' in 'lifelike' differ from '-ly' in 'lively'?,3
SUFFIX,-ling,small / young / one associated with,duckling,a young duck,How does '-ling' in 'sapling' and 'underling' indicate status?,4
SUFFIX,-ly (adverb),in a manner of,quickly,in a quick manner,How does '-ly' in 'nearly' and 'kindly' form adverbs from adjectives?,1
SUFFIX,-ly (adjective),having the quality of (time),weekly,occurring once a week,How does '-ly' in 'friendly' create an adjective from a noun?,2
SUFFIX,-man / -woman / -person,one who does / one of a group,craftsman,a skilled maker of goods by hand,How does '-man' in 'spokesman' compare to '-person' in 'chairperson'?,3
SUFFIX,-meter / -metry,measurement / instrument,thermometer,an instrument for measuring temperature,How does '-meter' in 'barometer' describe both the device and the measurement?,4
SUFFIX,-morph / -morphic,having a form / shape,endomorph,a body type characterized by roundness,How does '-morph' in 'polymorphic' describe variation in form?,6
SUFFIX,-nomy / -onomy,system of laws / management,astronomy,the study of the laws governing celestial bodies,How does '-nomy' in 'economy' and 'agronomy' describe management systems?,5
SUFFIX,-on,particle / unit,electron,a subatomic particle with a negative charge,How does '-on' in 'neutron' and 'photon' identify fundamental particles?,5
SUFFIX,-onym / -onymy,name / word,synonym,a word with the same meaning as another,How does '-onym' in 'pseudonym' and 'antonym' specify types of names?,5
SUFFIX,-opia / -opsia,condition of vision,myopia,nearsightedness,How does '-opia' in 'hyperopia' specify the visual condition?,6
SUFFIX,-or (agent),one who / that which,conductor,one who conducts or leads,How does '-or' in 'prosecutor' describe an agent?,3
SUFFIX,-ory (adjective),tending to / serving to,preparatory,tending to prepare,How does '-ory' in 'contradictory' describe tendency?,5
SUFFIX,-phage / -phagy,one that eats / eating of,bacteriophage,a virus that eats bacteria,How does '-phage' in 'macrophage' describe its function?,6
SUFFIX,-phile / -philia,one who loves / love of,bibliophile,a lover of books,How does '-philia' in 'hemophilia' differ from '-phile' in meaning?,5
SUFFIX,-phobe / -phobia,one who fears / fear of,claustrophobe,a person who fears enclosed spaces,How does '-phobia' in 'agoraphobia' specify the object of fear?,4
SUFFIX,-phone,sound / voice / instrument,microphone,an instrument that amplifies sound,How does '-phone' in 'saxophone' and 'francophone' differ in meaning?,4
SUFFIX,-scope / -scopy,instrument for viewing / examination,microscope,an instrument for viewing tiny objects,How does '-scope' in 'telescope' and '-scopy' in 'endoscopy' differ?,4
SUFFIX,-sect,to cut,dissect,to cut apart for examination,How does '-sect' in 'bisect' describe a cutting action?,5
SUFFIX,-sis / -sia,action / process / condition,thesis,a proposition put forward for argument,How does '-sis' in 'analysis' and 'synthesis' describe processes?,5
SUFFIX,-some (adjective),characterized by / like,handsome,pleasant in appearance,How does '-some' in 'awesome' and 'troublesome' describe character?,4
SUFFIX,-some (noun),body / unit,chromosome,a thread-like body carrying genetic material,How does '-some' in 'ribosome' describe a cellular unit?,6
SUFFIX,-sphere,ball / globe / domain,atmosphere,the layer of gases surrounding Earth,How does '-sphere' in 'biosphere' and 'hemisphere' describe enclosed domains?,4
SUFFIX,-ster,one who is / one that does,youngster,a young person,How does '-ster' in 'trickster' and 'gangster' denote a type of person?,4
SUFFIX,-tomy / -otomy,surgical cutting / incision,lobotomy,a surgical incision into the frontal lobe,How does '-tomy' in 'appendectomy' differ from its use in '-otomy'?,5
SUFFIX,-tude,state / quality of,solitude,the state of being alone,How does '-tude' in 'aptitude' and 'attitude' form abstract nouns?,5
SUFFIX,-ty,state / quality,loyalty,the quality of being loyal,How does '-ty' in 'royalty' and 'penalty' form abstract nouns?,3
SUFFIX,-ular,of / relating to / resembling,circular,relating to a circle,How does '-ular' in 'molecular' and 'vascular' specify relation?,5
SUFFIX,-ule,small (diminutive),capsule,a small enclosed container,How does '-ule' in 'globule' and 'molecule' indicate small size?,5
SUFFIX,-us,noun ending (Latin),radius,the shorter bone of the forearm,How does '-us' in 'nucleus' and 'status' indicate Latin noun origin?,5
SUFFIX,-ward / -wards,in the direction of,homeward,in the direction of home,How does '-ward' in 'inward' and 'upward' specify direction?,3
SUFFIX,-y (adjective),full of / tending to,cloudy,full of clouds,How does '-y' in 'muddy' and 'tricky' form adjectives?,2
SUFFIX,-yer / -ier,one who (agent),lawyer,one who practices law,How does '-yer' in 'lawyer' relate to '-er' as an agent suffix?,4
ROOT,acer / acr (Latin),sharp / sour,acrimony,bitterness or ill feeling,How does 'acr-' in 'acrobat' relate to the idea of sharpness at height?,5
ROOT,acqu (Latin),to get / to acquire,acquire,to come into possession of something,How does 'acqu-' in 'acquaint' describe gaining knowledge?,5
ROOT,acu (Latin),sharp / needle / pointed,acute,having a sharp angle; severe,How does 'acu-' in 'acupuncture' reflect its original meaning?,5
ROOT,age / ag (Latin),to do / to act / to drive,agent,one who acts on behalf of another,How does 'ag-' in 'agenda' describe a list of things to be done?,4
ROOT,agog (Greek),leader / bringing forth,demagogue,a leader who appeals to popular desires,How does '-agog' in 'pedagogue' and 'synagogue' describe leading?,7
ROOT,alg (Greek),pain,neuralgia,nerve pain,How does 'alg-' in 'analgesic' relate to the relief of pain?,6
ROOT,ali (Latin),other / another,alias,another name used by a person,How does 'ali-' in 'alienate' describe the process of making something other?,5
ROOT,all (Greek),other / different,allergy,altered reaction to a foreign substance,How does 'all-' in 'allophone' describe a different sound variant?,5
ROOT,ambul (Latin),to walk,ambulance,a vehicle for walking or transporting the injured,How does 'ambul-' in 'ambulatory' describe a type of patient?,5
ROOT,ampl (Latin),large / ample / spacious,amplify,to make larger or louder,How does 'ampl-' in 'amplitude' describe the size of a wave?,5
ROOT,anat (Greek),cutting up / anatomy,anatomize,to dissect or analyze in detail,How does 'anat-' in 'anatomy' reflect its original dissection meaning?,5
ROOT,ang (Latin),to choke / to distress,angina,chest pain caused by reduced blood flow,How does 'ang-' in 'anguish' describe emotional distress?,6
ROOT,angul (Latin),angle / corner,angular,having angles or sharp corners,How does 'angul-' in 'triangle' describe its geometric property?,4
ROOT,apt (Latin),fit / suitable,aptitude,a natural ability or tendency,How does 'apt-' in 'adapt' describe fitting to a new condition?,4
ROOT,arbit (Latin),to judge / witness,arbitrary,based on personal judgment rather than reason,How does 'arbit-' in 'arbitrate' describe a judgment role?,5
ROOT,arm (Latin),weapon / tool / army,armament,military weapons and equipment,How does 'arm-' in 'alarm' historically relate to a call to weapons?,4
ROOT,art (Latin),skill / art / craft,artisan,a skilled craftsperson,How does 'art-' in 'artificial' describe something made by human skill?,4
ROOT,asthen (Greek),weakness,neurasthenia,a condition of nervous weakness,How does 'asthen-' in 'myasthenia' describe muscle weakness?,7
ROOT,astr (Greek),star,astronomy,the scientific study of stars,How does 'astr-' in 'asteroid' describe a star-like object?,3
ROOT,atmo (Greek),vapor / air,atmosphere,the layer of air surrounding Earth,How does 'atmo-' in 'atmosphere' describe the composition of air?,5
ROOT,audi (Latin),to hear,auditorium,a large room for hearing performances,How does 'audi-' in 'audience' and 'audible' reflect hearing?,3
ROOT,ball (Greek),to throw,ballistic,relating to projectiles in motion,How does 'ball-' in 'ballistic' relate to the root 'bol-' in 'symbol'?,5
ROOT,bar (Greek),weight / pressure,isobar,a line on a map of equal pressure,How does 'bar-' in 'barometer' relate to measuring atmospheric pressure?,5
ROOT,belli (Latin),war,belligerent,hostile and aggressive; engaged in war,How does 'belli-' in 'antebellum' describe a period before war?,5
ROOT,ben (Latin),good / well,benevolent,having a wish to do good,How does 'ben-' in 'benefit' describe a positive outcome?,4
ROOT,bibli (Greek),book,bibliophile,a lover of books,How does 'bibli-' in 'bibliography' describe a list of books?,5
ROOT,brev (Latin),short / brief,abbreviation,a shortened form of a word or phrase,How does 'brev-' in 'brevity' describe the quality of shortness?,5
ROOT,cad / cas / cid (Latin),to fall / to happen,accident,an unexpected happening; a fall from order,How does 'cas-' in 'cascade' describe a falling motion?,5
ROOT,calli (Greek),beautiful,calligraphy,the art of beautiful handwriting,How does 'calli-' in 'callipygian' describe bodily beauty?,6
ROOT,cant (Latin),to sing,incantation,a series of words sung as a magical spell,How does 'cant-' in 'cantata' and 'recant' reflect the act of singing?,5
ROOT,capit (Latin),head,decapitate,to cut off the head,How does 'capit-' in 'capitalize' reflect the head or chief position?,4
ROOT,carn (Latin),flesh / meat,carnivore,a flesh-eating animal,How does 'carn-' in 'reincarnation' describe a return in flesh?,5
ROOT,caus (Latin),cause / reason,causation,the relationship between cause and effect,How does 'caus-' in 'caustic' relate to causing burning?,5
ROOT,cav (Latin),hollow / hole,cavity,a hollow space within a solid body,How does 'cav-' in 'excavate' describe the act of creating hollows?,5
ROOT,ceiv / cept / cap (Latin),to take / to seize,receive,to take something given,How does 'cept-' in 'concept' describe taking an idea into the mind?,4
ROOT,centr (Latin/Greek),center,concentric,having the same center,How does 'centr-' in 'eccentric' describe deviation from center?,4
ROOT,chir (Greek),hand,chiropractor,a practitioner who adjusts the spine by hand,How does 'chir-' in 'chirography' describe hand-writing?,6
ROOT,chore (Greek),dance / chorus,choreography,the art of designing dance sequences,How does 'chore-' in 'choreographer' relate to movement and dance?,5
ROOT,cid / cis (Latin),to cut / to kill,incise,to cut into a surface,How does 'cis-' in 'scissors' and 'precise' relate to cutting?,5
ROOT,cit (Latin),to call / to summon,citation,a formal summons or reference,How does 'cit-' in 'excite' describe arousing action?,5
ROOT,civi (Latin),citizen / city,civilization,an advanced state of human society,How does 'civi-' in 'civilian' describe non-military status?,4
ROOT,clam / claim (Latin),to shout / to call out,exclaim,to cry out suddenly,How does 'claim-' in 'proclaim' describe a public declaration?,5
ROOT,clar (Latin),clear / bright,clarify,to make clear or easier to understand,How does 'clar-' in 'declaration' describe making something clear publicly?,4
ROOT,clin (Latin/Greek),to lean / to bend,incline,to lean toward; a slope,How does 'clin-' in 'decline' and 'recline' describe direction of lean?,5
ROOT,col / cult (Latin),to till / to cultivate / to worship,culture,the cultivation of the mind and society,How does 'cult-' in 'agriculture' relate to cultivating land?,4
ROOT,coron (Latin),crown,coronation,the ceremony of crowning a monarch,How does 'coron-' in 'coronavirus' describe its crown-like shape?,5
ROOT,corpor (Latin),body,incorporate,to form into a unified body,How does 'corpor-' in 'corporal' describe something of the body?,4
ROOT,cre / cresc (Latin),to grow / to arise,increase,to become greater in size,How does 'cresc-' in 'crescendo' describe a growing rise in sound?,5
ROOT,crit (Greek),to judge / to separate / to decide,critic,one who judges the quality of something,How does 'crit-' in 'criterion' describe a standard of judgment?,5
ROOT,cur / cura (Latin),care / to take care,curator,one who takes care of a collection,How does 'cur-' in 'procure' describe the act of obtaining something?,5
ROOT,cycl (Greek),circle / wheel / cycle,recycle,to process used materials into new products,How does 'cycl-' in 'bicycle' and 'cyclone' reflect circular motion?,3
ROOT,demo (Greek),people,democracy,government by the people,How does 'demo-' in 'epidemic' describe a disease among the people?,3
ROOT,dent (Latin),tooth,dentist,a doctor specializing in teeth,How does 'dent-' in 'indentation' relate to a tooth-like notch?,4
ROOT,dexter (Latin),right / skillful,dexterous,skillful with the hands,How does 'dexter-' in 'ambidextrous' describe skill with both hands?,6
ROOT,di / dicho (Greek),two / apart,dichotomy,a division into two contrasting parts,How does 'dicho-' describe the binary nature of a 'dichotomy'?,6
ROOT,digit (Latin),finger / toe / number,digital,relating to fingers or numerical digits,How does 'digit-' in 'digitize' connect fingers to electronic data?,4
ROOT,dign (Latin),worthy,dignity,the quality of being worthy of respect,How does 'dign-' in 'indignant' describe feeling wrongly dishonored?,5
ROOT,doc / doct (Latin),to teach / to learn,doctrine,a set of beliefs taught as true,How does 'doc-' in 'documentary' describe a teaching or factual record?,4
ROOT,dol (Latin),pain / grief,doleful,sorrowful; expressing grief,How does 'dol-' in 'condolence' describe sharing in grief?,6
ROOT,dom (Latin),house / master / authority,dominate,to have power or control over,How does 'dom-' in 'domain' and 'domestic' reflect the household?,4
ROOT,don (Latin),to give,donation,a gift given voluntarily,How does 'don-' in 'pardon' and 'donor' relate to giving?,4
ROOT,drom (Greek),running / course,syndrome,a set of symptoms running together,How does 'drom-' in 'palindrome' describe running back?,6
ROOT,dub / dout (Latin),to doubt,dubious,hesitating or doubting,How does 'dub-' in 'indubitable' describe certainty beyond doubt?,6
ROOT,dur (Latin),hard / lasting,endure,to last through hardship,How does 'dur-' in 'durable' and 'duration' reflect lasting qualities?,4
ROOT,dynam (Greek),power / force,dynamic,characterized by energy and power,How does 'dynam-' in 'aerodynamics' describe force in motion?,4
ROOT,ec / eco (Greek),house / environment,ecology,the study of organisms in their environment,How does 'eco-' in 'economy' literally relate to managing a household?,4
ROOT,educ (Latin),to lead out / raise up,education,the process of drawing out knowledge,How does 'educ-' in 'educe' describe drawing out potential?,4
ROOT,empt (Latin),to buy / to take,preempt,to take action in advance to prevent another,How does 'empt-' in 'exempt' describe being taken out of a category?,6
ROOT,equ (Latin),equal / even,equilibrium,a state of equal balance,How does 'equ-' in 'equation' describe making things equal?,4
ROOT,etym (Greek),true / original meaning,etymology,the study of the origin of words,How does 'etym-' in 'etymology' describe the search for true word origins?,6
ROOT,ev / aev (Latin),age / time period,medieval,relating to the Middle Ages,How does 'ev-' in 'longevity' describe a long span of time?,6
ROOT,evol / volv (Latin),to roll / to unfold,evolve,to develop gradually over time,How does 'volv-' in 'revolve' and 'involve' describe rolling motion?,4
ROOT,fac / fic / fect (Latin),to make / to do,factory,a place where things are made,How does 'fect-' in 'infect' describe something that acts on a body?,4
ROOT,fall / fals (Latin),to deceive / to err,fallacy,a mistaken belief based on faulty reasoning,How does 'fals-' in 'falsify' describe making something untrue?,5
ROOT,fam (Latin),fame / rumor / report,infamous,having a bad reputation,How does 'fam-' in 'defame' describe destroying a reputation?,5
ROOT,fasc (Latin),bundle / band,fascism,a system of dictatorial rule based on unity,How does 'fasc-' in 'fascia' describe a band of connective tissue?,6
ROOT,feder (Latin),league / treaty / faith,federation,a union formed by treaty,How does 'feder-' in 'confederation' describe a bound alliance?,5
ROOT,feli (Latin),happy / cat,felicity,great happiness,How does 'feli-' in 'felicitous' describe something apt and pleasing?,6
ROOT,fend / fens (Latin),to strike / to defend,defensive,intended to protect from attack,How does 'fend-' in 'offend' and 'defend' reflect opposing directions?,5
ROOT,ferv (Latin),to boil / to glow,fervent,having intense emotion or enthusiasm,How does 'ferv-' in 'fervid' describe the heat of strong feeling?,6
ROOT,fig (Latin),to form / shape,figure,a shape or outline,How does 'fig-' in 'configure' and 'disfigure' relate to shaping form?,5
ROOT,fili (Latin),son / daughter / thread,filament,a very fine thread or fiber,How does 'fili-' in 'affiliate' describe a son-like association?,6
ROOT,flor (Latin),flower,flourish,to grow vigorously like a flower,How does 'flor-' in 'floral' and 'Florida' reflect its meaning?,4
ROOT,flu / fluv (Latin),to flow,fluid,a substance that flows,How does 'flu-' in 'influence' relate to a flowing effect?,4
ROOT,foli (Latin),leaf,foliage,the collective leaves of a plant,How does 'foli-' in 'portfolio' relate to sheets of paper like leaves?,5
ROOT,foss (Latin),to dig / ditch,fossil,the preserved remains of a dug-up organism,How does 'foss-' in 'fossil' describe something dug from the earth?,5
ROOT,frat (Latin),brother,fraternity,a brotherhood or group of men,How does 'frat-' in 'fraternize' describe brotherly relations?,5
ROOT,frug / fruit (Latin),fruit / enjoyment,frugal,economical; avoiding waste,How does 'frug-' in 'frugal' relate to using the fruit of one's labor wisely?,6
ROOT,fund / found (Latin),bottom / foundation / to pour,fundamental,forming a necessary base or foundation,How does 'fund-' in 'profound' describe depth to the bottom?,4
ROOT,gamy (Greek),marriage / union of,bigamy,the crime of marrying while already married,How does 'gamy' in 'monogamy' describe a pattern of marriage?,5
ROOT,gastr (Greek),stomach,gastronomy,the art of good eating,How does 'gastr-' in 'gastric' specify the organ involved?,5
ROOT,gymn (Greek),naked / athletic,gymnastics,athletic exercises performed without clothing restraint,How does 'gymn-' in 'gymnasium' relate to ancient Greek athletic practice?,5
ROOT,gyn (Greek),woman / female,gynecology,branch of medicine for female health,How does 'gyn-' in 'misogyny' describe its meaning with 'miso-'?,5
ROOT,hab / habi (Latin),to have / to hold / to live,habit,a regular tendency or settled practice,How does 'hab-' in 'inhabit' describe the act of living somewhere?,4
ROOT,hall (Old English),hall / large room / dwelling,hallmark,a mark of quality stamped at Goldsmiths Hall,How does 'hall-' in 'hallway' describe its original architectural meaning?,5
ROOT,hap (Old Norse),luck / fortune / chance,haphazard,lacking order; depending on chance,How does 'hap-' in 'mishap' and 'perhaps' relate to fortune?,5
ROOT,hegemon (Greek),leader / guide,hegemony,leadership or dominance over others,How does 'hegemon-' in 'hegemony' describe political dominance?,6
ROOT,heli (Greek),sun,heliocentric,centered on the sun,How does 'heli-' in 'heliotrope' describe its orientation to the sun?,5
ROOT,her / hes (Latin),to stick,coherent,sticking together logically,How does 'her-' in 'adhere' and 'inherent' describe the act of sticking?,5
ROOT,hered / heir (Latin),heir / inheritance,hereditary,passed down through inheritance,How does 'hered-' in 'heredity' describe biological inheritance?,5
ROOT,hol (Greek),whole / entire,holistic,treating something as a whole,How does 'hol-' in 'catholic' ('according to the whole') reflect totality?,5
ROOT,hom (Latin),man / human being,homage,respect paid to a lord or person of honor,How does 'hom-' in 'homicide' describe the victim?,5
ROOT,hypn (Greek),sleep,hypnosis,an artificially induced sleep-like state,How does 'hypn-' in 'hypnotic' describe sleep-inducing quality?,5
ROOT,iatr (Greek),physician / healer,psychiatry,medical treatment of mental disorders,How does '-iatr-' in 'geriatrics' describe medical treatment of the elderly?,6
ROOT,idi (Greek),one's own / personal / peculiar,idiosyncrasy,a distinctive personal quirk,How does 'idi-' in 'idiolect' describe a person's unique language?,6
ROOT,imag (Latin),likeness / image,imagination,the faculty of forming mental images,How does 'imag-' in 'imitate' relate to reproducing a likeness?,4
ROOT,jac / ject (Latin),to throw,projectile,an object thrown or fired,How does 'ject-' in 'inject' and 'eject' describe directions of throwing?,4
ROOT,judic (Latin),judgment / law,judicious,having or showing good judgment,How does 'judic-' in 'judiciary' describe the branch of law?,5
ROOT,kine (Greek),movement,kinetic,relating to or resulting from motion,How does 'kine-' in 'telekinesis' describe movement at a distance?,5
ROOT,laps (Latin),to slip / to fall,elapsed,of time: passed by,How does 'laps-' in 'relapse' describe a slipping back?,5
ROOT,lat (Latin),side / to carry / wide,lateral,relating to the side,How does 'lat-' in 'translate' relate to carrying across?,4
ROOT,laud (Latin),praise,laudatory,expressing or giving praise,How does 'laud-' in 'applaud' describe praising through clapping?,5
ROOT,lax / leas (Latin),to loosen / to release,relax,to become less tense or strict,How does 'lax-' in 'laxative' describe a loosening effect?,5
ROOT,leag / lig / leg (Latin),to bind / to gather / law,league,an association bound together by common purpose,How does 'lig-' in 'ligament' describe a binding structure?,5
ROOT,lingu (Latin),tongue / language,bilingual,able to speak two languages,How does 'lingu-' in 'linguistics' describe the study of language?,4
ROOT,lud / lus (Latin),to play,illusion,a deceptive appearance; a play on perception,How does 'lud-' in 'ludicrous' describe something absurdly playful?,5
ROOT,lun (Latin),moon,lunatic,"historically, one affected by the moon",How does 'lun-' in 'lunar' describe phenomena related to the moon?,4
ROOT,mal (Latin),bad / evil / ill,malfunction,a failure to function normally,How does 'mal-' in 'malevolent' combine with 'vol-' to describe evil will?,3
ROOT,mand (Latin),to order / to command,mandatory,required by law or command,How does 'mand-' in 'remand' describe sending back under order?,5
ROOT,mater (Latin),mother,maternal,relating to a mother,How does 'mater-' in 'matrix' reflect the mother as origin?,4
ROOT,mechan (Greek),machine / device,mechanism,the arrangement of parts in a machine,How does 'mechan-' in 'mechanical' describe machine-like operation?,4
ROOT,mem (Latin),mindful / remembering,memory,the faculty of remembering things,How does 'mem-' in 'commemorate' describe honoring through remembrance?,4
ROOT,merci (Latin/French),mercy / trade / goods,commerce,the activity of buying and selling,How does 'merci-' in 'merciful' and 'merchant' reflect different aspects?,5
ROOT,merg / mers (Latin),to plunge / to dip,submerge,to sink below the surface of water,How does 'mers-' in 'immersion' describe being plunged into something?,5
ROOT,meta (Greek),change / after / beyond / about,metamorphosis,a change in form or nature,How does 'meta-' in 'metaphor' describe carrying meaning beyond the literal?,4
ROOT,milit (Latin),soldier / war,militant,combative and aggressive; soldier-like,How does 'milit-' in 'militia' describe a civilian military force?,5
ROOT,min (Latin),to project / to threaten / small,minute,very small; a small unit of time,How does 'min-' in 'prominent' describe something projecting forward?,5
ROOT,mir (Latin),to wonder at / to look at,admire,to regard with wonder and approval,How does 'mir-' in 'mirror' describe a surface used for looking?,5
ROOT,misc (Latin),to mix,miscellaneous,consisting of various mixed elements,How does 'misc-' in 'miscible' describe the ability to be mixed?,5
ROOT,modul (Latin),measure / small amount,modulate,to adjust or regulate a signal or tone,How does 'modul-' in 'module' describe a standard unit of measurement?,5
ROOT,mol (Latin),mass / grind / effort,molecular,relating to a molecule or mass of particles,How does 'mol-' in 'demolish' describe grinding down?,5
ROOT,mon (Latin/Greek),one / single / to warn,monitor,one who watches over or warns,How does 'mon-' in 'monotone' describe a single unchanging tone?,4
ROOT,mun (Latin),gift / duty / service,municipal,relating to a local city government,How does 'mun-' in 'immune' describe being exempted from duties?,6
ROOT,mus (Latin/Greek),mouse / muscle / Muse,muscular,having well-developed muscles,How does 'mus-' connect the mouse to muscle through appearance?,5
ROOT,myster (Greek),secret / mystery,mysterious,difficult to explain or understand,How does 'myster-' in 'mystify' describe the state of being puzzled?,5
ROOT,natur (Latin),nature / birth / character,natural,existing in or caused by nature,How does 'natur-' in 'innate' describe qualities present from birth?,4
ROOT,nebul (Latin),cloud / mist / vapor,nebulous,vague; resembling a cloud,How does 'nebul-' in 'nebula' describe a cloud-like space formation?,6
ROOT,noct (Latin),night,nocturnal,active during the night,How does 'noct-' in 'equinox' describe one of two equal-night moments?,5
ROOT,nomen / nomin (Latin),name,nominate,to name someone for a position,How does 'nomin-' in 'denomination' describe a named category?,5
ROOT,not (Latin),to know / to mark,notation,a system of marks or symbols,How does 'not-' in 'notorious' describe being widely known?,5
ROOT,nutri / nutri (Latin),to nourish,nutrition,the process of providing nourishment,How does 'nutri-' in 'nutrient' describe what nourishes the body?,4
ROOT,ocul (Latin),eye,binoculars,an instrument using both eyes to see far,How does 'ocul-' in 'monocle' describe a single-eye lens?,5
ROOT,oner (Latin),burden / load,onerous,involving a great deal of effort; burdensome,How does 'oner-' in 'exonerate' describe the removal of a burden?,6
ROOT,onym (Greek),name / word,pseudonym,a false or assumed name,How does 'onym-' in 'anonymous' describe having no name?,5
ROOT,opportun (Latin),favorable / timely,opportunity,a favorable or advantageous time,How does 'opportun-' in 'opportunistic' relate to favorable timing?,5
ROOT,ora / or (Latin),to speak / mouth / prayer,oracle,a person who speaks prophetically,How does 'or-' in 'oration' and 'oral' reflect the mouth and speech?,4
ROOT,ordin (Latin),order / rank,ordinary,with no special qualities; following the order,How does 'ordin-' in 'ordinal' and 'subordinate' describe rank?,4
ROOT,orig (Latin),beginning / source,original,present from the beginning,How does 'orig-' in 'origin' and 'aboriginal' describe a first source?,4
ROOT,pac / pax (Latin),peace,pacify,to make peaceful; to calm,How does 'pac-' in 'pacifist' describe a believer in non-violence?,4
ROOT,par / peer (Latin/Old French),equal,parity,the state of being equal,How does 'par-' in 'compare' describe setting things on equal footing?,4
ROOT,part (Latin),part / to share,partition,a division into separate parts,How does 'part-' in 'impartial' describe treating all parts equally?,3
ROOT,pas / pass (Latin),to suffer / to feel,compassion,feeling of sympathy for suffering,How does 'pass-' in 'impassive' describe the absence of feeling?,5
ROOT,patern (Latin),father,paternal,relating to a father,How does 'patern-' in 'patron' describe a father-like protector?,4
ROOT,pell / puls (Latin),to drive / to push,propulsion,the action of driving something forward,How does 'puls-' in 'impulse' describe a sudden driving force?,5
ROOT,petr (Latin/Greek),rock / stone,petrify,to turn to stone; to terrify,How does 'petr-' in 'petroleum' describe oil derived from rock?,4
ROOT,plex / plicit (Latin),to fold / to twist / complex,complex,consisting of many interrelated parts,How does 'plex-' in 'perplex' describe being tangled in confusion?,5
ROOT,polit (Greek),citizen / civic,political,relating to government and citizens,How does 'polit-' in 'cosmopolitan' describe citizenship of the world?,4
ROOT,pon / pos (Latin),to place / to put,position,the place where something is located,How does 'pos-' in 'expose' and 'deposit' describe placement?,4
ROOT,pot (Latin),power / to be able,potential,having the capacity or power to develop,How does 'pot-' in 'omnipotent' describe unlimited power?,4
ROOT,prehend / prehens (Latin),to grasp / to seize,apprehend,to arrest or grasp a concept,How does 'prehend-' in 'comprehend' describe grasping an idea fully?,5
ROOT,prim / prince (Latin),first / chief,primary,first in order of importance,"How does 'prim-' in 'primitive' describe an early, first state?",4
ROOT,prob / prov (Latin),to test / to prove,approve,to officially agree or confirm,How does 'prob-' in 'probation' describe a testing period?,4
ROOT,proper / propri (Latin),one's own,appropriate,suitable for a particular situation,How does 'propri-' in 'expropriate' describe taking away what is one's own?,5
ROOT,proxim (Latin),near / close,approximate,nearly correct; close to the actual value,How does 'proxim-' in 'proximity' describe nearness in space?,5
ROOT,pub (Latin),people / adult / public,publish,to make available to the public,How does 'pub-' in 'republic' describe something belonging to the people?,4
ROOT,pugn (Latin),to fight,pugnacious,having a combative nature,How does 'pugn-' in 'repugn' describe fighting against something?,6
ROOT,purg (Latin),to cleanse / to purify,purge,to rid of impurities,How does 'purg-' in 'expurgate' describe removing objectionable material?,6
ROOT,put (Latin),to think / to prune / to reckon,compute,to reckon or calculate,How does 'put-' in 'dispute' and 'reputation' relate to what is reckoned?,5
ROOT,rad / radix (Latin),root,radical,relating to the root or fundamental change,How does 'rad-' in 'eradicate' describe rooting something out?,5
ROOT,rap / rapt (Latin),to seize / to carry away,rapture,a feeling of being carried away by joy,How does 'rapt-' in 'enrapture' and 'raptor' reflect seizing?,5
ROOT,rat (Latin),reason / to calculate,rational,based on clear reasoning,How does 'rat-' in 'ratio' and 'rationale' reflect calculated reasoning?,4
ROOT,rebl (Latin),war again / resistance,rebel,to resist authority,How does 're-' + 'bell-' (war) describe taking up war again?,5
ROOT,rect (Latin),right / straight,correct,free from error; in the right direction,How does 'rect-' in 'erect' and 'direct' describe straightness?,4
ROOT,reli (Latin),to bind again / obligation,religion,a system of binding beliefs and practices,How does 'reli-' in 'rely' describe depending on a binding trust?,5
ROOT,remedi (Latin),to heal again / cure,remedy,a treatment that relieves a disease,How does 'remedi-' in 'irremediable' describe what cannot be cured?,5
ROOT,rid / ris (Latin),to laugh,ridicule,to mock; to make a laughingstock of,How does 'rid-' in 'ridiculous' describe something worthy of laughter?,5
ROOT,rigr / rigid (Latin),stiff / strict,rigorous,extremely thorough and strict,How does 'rigid-' in 'rigidity' describe an inability to bend?,5
ROOT,rob (Latin),strength / oak,robust,strong and healthy,How does 'rob-' in 'corroborate' describe adding strength to evidence?,5
ROOT,rot (Latin),wheel / to turn,rotate,to turn around a central point,How does 'rot-' in 'rotary' and 'rotor' describe turning motion?,4
ROOT,sacr / sanct (Latin),holy / sacred,sacred,regarded as holy,How does 'sacr-' in 'sacrifice' describe an offering to the holy?,4
ROOT,sat / sati / satis (Latin),enough / to satisfy,satisfy,to give enough to meet a need,How does 'satis-' in 'insatiable' describe what can never be satisfied?,5
ROOT,scien (Latin),to know,science,knowledge obtained by systematic study,How does 'scien-' in 'omniscient' describe knowing everything?,4
ROOT,scop (Greek),to look / to aim,microscope,an instrument for looking at tiny things,How does 'scop-' in 'telescope' describe looking at distant objects?,4
ROOT,semin (Latin),seed,seminal,strongly influencing later developments,How does 'semin-' in 'seminary' describe a place for planting ideas?,6
ROOT,seni (Latin),old / elder,senior,older or of higher rank,How does 'seni-' in 'senile' describe age-related changes?,4
ROOT,separ (Latin),to put apart,separate,to divide or move apart,How does 'separ-' in 'inseparable' describe what cannot be put apart?,4
ROOT,sever (Latin),strict / serious,severe,strict; intense in degree,How does 'sever-' in 'persevere' describe holding strictly to a course?,5
ROOT,simul (Latin),together / at the same time,simultaneous,occurring at the same time,How does 'simul-' in 'simulate' describe creating a likeness?,5
ROOT,soci (Latin),companion / ally,society,a group of people living together,How does 'soci-' in 'associate' describe joining as a companion?,4
ROOT,sol / soli (Latin),sun / alone,solitary,existing or living alone,How does 'sol-' in 'solitude' and 'solar' reflect different meanings?,4
ROOT,solv (Latin),to loosen / to free,dissolve,to loosen and cause to disappear,How does 'solv-' in 'resolve' describe loosening a problem?,5
ROOT,soph (Greek),wisdom / wise,philosophy,the love of wisdom,How does 'soph-' in 'sophisticated' and 'sophomore' describe wisdom?,5
ROOT,speci (Latin),kind / appearance / particular,species,a group of organisms sharing common characteristics,How does 'speci-' in 'special' and 'specify' describe particularness?,4
ROOT,stell (Latin),star,stellar,of or relating to stars,How does 'stell-' in 'constellation' describe a group of stars?,5
ROOT,strict / string (Latin),to bind / to tighten,restrict,to bind within limits,How does 'strict-' in 'constrict' and 'district' describe binding areas?,5
ROOT,stud (Latin),eagerness / study,studious,spending a lot of time studying,How does 'stud-' in 'studio' describe a place of eager work?,4
ROOT,summ (Latin),highest / sum,summit,the highest point,How does 'summ-' in 'summary' describe a bringing to the main points?,4
ROOT,super (Latin),above / over / beyond,superior,higher in rank or quality,How does 'super-' in 'superficial' describe something only on the surface?,3
ROOT,symbol (Greek),sign / token,symbolize,to represent by a symbol,How does 'symbol-' reflect its Greek origin of 'throwing together'?,5
ROOT,tact / tang (Latin),to touch,contact,the state of touching,How does 'tact-' in 'intangible' describe what cannot be touched?,4
ROOT,tele (Greek),far / distant,telecommunications,communication over long distances,How does 'tele-' in 'telescope' and 'television' describe distant viewing?,3
ROOT,tempor (Latin),time,contemporary,existing at the same time,How does 'tempor-' in 'temporary' describe something limited in time?,4
ROOT,tend / tens / tent (Latin),to stretch / to aim toward,tension,the state of being stretched,How does 'tend-' in 'extend' and 'contend' describe stretching or striving?,5
ROOT,termin (Latin),end / limit / boundary,terminate,to bring to an end,How does 'termin-' in 'exterminate' describe removing to the boundary of existence?,5
ROOT,tim (Latin),fear,timid,lacking confidence; easily frightened,How does 'tim-' in 'intimidate' describe the act of creating fear?,5
ROOT,tol (Latin),to lift / to bear / to endure,tolerate,to allow or endure something,How does 'tol-' in 'extol' describe lifting something up in praise?,5
ROOT,ton (Greek),tone / tension,tonic,a substance that restores tone and vigor,How does 'ton-' in 'monotone' describe a single tone?,5
ROOT,top (Greek),place,topography,the arrangement of features in a place,How does 'top-' in 'utopia' describe a place that does not exist?,5
ROOT,tort / tors (Latin),to twist,torture,to inflict severe pain by twisting,How does 'tort-' in 'contortion' describe a twisting of the body?,5
ROOT,tox (Greek),poison / bow,toxic,poisonous,How does 'tox-' in 'antitoxin' describe its original meaning of arrow poison?,5
ROOT,trem (Latin),to shake,tremor,an involuntary shaking movement,How does 'trem-' in 'tremendous' describe something causing one to shake?,5
ROOT,trud / trus (Latin),to push / to thrust,intrude,to push oneself in without invitation,How does 'trus-' in 'extrusion' describe pushing outward?,6
ROOT,tutor (Latin),guardian / watcher,tutorial,a session of individual instruction,How does 'tutor-' in 'tutelage' describe a protective teaching role?,5
ROOT,umbr (Latin),shadow,umbrella,a device that creates shade/shadow from rain,How does 'umbr-' in 'penumbra' describe a partial shadow?,5
ROOT,ur / uro (Greek),urine / tail,urology,the study of the urinary system,How does 'ur-' in 'ureter' specify part of the urinary tract?,6
ROOT,vag (Latin),wandering / vague,vagabond,a person who wanders from place to place,How does 'vag-' in 'extravagant' describe wandering beyond limits?,5
ROOT,van (Dutch/Latin),empty / vain / before,vanity,excessive pride; emptiness of purpose,How does 'van-' in 'vanguard' describe the front of an army?,5
ROOT,var (Latin),different / diverse,variety,a number of things that are different,How does 'var-' in 'variable' describe something that changes?,4
ROOT,vect (Latin),to carry,vector,a carrier; a quantity with magnitude and direction,How does 'vect-' in 'convect' describe carrying heat through a fluid?,5
ROOT,ven / veni (Latin),to come,convention,a formal assembly of people who come together,How does 'ven-' in 'prevent' literally describe coming before?,4
ROOT,vener (Latin),to honor / venerate,venerable,accorded great respect due to age,How does 'vener-' in 'venerate' relate to the goddess Venus?,6
ROOT,via (Latin),way / road,viable,capable of working; having a way to survive,How does 'via-' in 'deviate' describe straying from the way?,5
ROOT,vict / vinc (Latin),to conquer / to win,victory,success in a contest or battle,How does 'vinc-' in 'invincible' describe what cannot be conquered?,4
ROOT,vigor (Latin),liveliness / force,invigorate,to give strength and energy to,How does 'vigor-' in 'vigorous' describe an energetic quality?,5
ROOT,vir (Latin),man / virtue / power,virtue,behavior showing moral excellence,How does 'vir-' in 'virile' and 'virtue' reflect the Roman concept of manly excellence?,5
ROOT,vit (Latin),life / to live,vital,absolutely necessary for life,How does 'vit-' in 'vitamin' describe something essential for life?,4
ROOT,voc (Latin),voice / to call,vocal,relating to the voice,How does 'voc-' in 'advocate' describe calling out in support?,4
ROOT,vulner (Latin),wound,vulnerable,capable of being wounded,How does 'vulner-' in 'invulnerable' describe immunity to wounding?,5
